{
  "T2": {
    "macro_f1": 0.0,
    "macro_f1_ci": [
      0.0,
      0.0
    ],
    "ece": 0.8,
    "tpcp": Infinity,
    "n": 50,
    "n_correct": 0
  },
  "T3": {
    "macro_f1": 0.19723865877712032,
    "macro_f1_ci": [
      0.0,
      0.4662004662004662
    ],
    "ece": 0.014358974358974368,
    "tpcp": 0.0,
    "n": 50,
    "n_correct": 2
  },
  "T5": {
    "macro_f1": 3.463203463203463,
    "macro_f1_ci": [
      2.380952380952381,
      4.3684768427919085
    ],
    "ece": 0.34857142857142853,
    "tpcp": 0.0,
    "n": 50,
    "n_correct": 16
  },
  "by_benchmark": {
    "plantvillage": {
      "T2": {
        "macro_f1": 0.0,
        "n": 50
      },
      "T3": {
        "macro_f1": 0.19723865877712032,
        "n": 50
      }
    }
  }
}