{
  "bin_centers": [
    0.03333333333333333,
    0.1,
    0.16666666666666669,
    0.23333333333333334,
    0.3,
    0.3666666666666667,
    0.43333333333333335,
    0.5,
    0.5666666666666667,
    0.6333333333333333,
    0.7,
    0.7666666666666666,
    0.8333333333333334,
    0.9,
    0.9666666666666667
  ],
  "mean_confidence": [
    0.03333333333333333,
    0.1,
    0.19999999999999996,
    0.23333333333333334,
    0.3,
    0.3666666666666667,
    0.43333333333333335,
    0.5,
    0.5666666666666667,
    0.6333333333333333,
    0.7,
    0.7666666666666666,
    0.8333333333333334,
    0.9,
    0.9666666666666667
  ],
  "mean_accuracy": [
    0.0,
    0.0,
    1.0,
    0.0,
    0.0,
    0.0,
    0.0,
    0.0,
    0.0,
    0.0,
    0.0,
    0.0,
    0.0,
    0.0,
    0.0
  ],
  "bin_counts": [
    0,
    0,
    50,
    0,
    0,
    0,
    0,
    0,
    0,
    0,
    0,
    0,
    0,
    0,
    0
  ]
}