crop,crop_verdict,category,canonical_name,node_a,node_b,node_c,crop_notes,disease,disease_verdict,disease_reason,disease_check
Acidified Potato Dextrose Agar (Apda),INVALID,other,Acidified Potato Dextrose Agar (Apda),NO,N/A,N/A,"This is a microbiological growth medium, not a plant or crop.",,,,skipped: Crop verdict is INVALID
Alder,VALID,tree_crop,Alder,YES,YES,YES,Alder (Alnus spp.) is grown as a timber and nitrogen-fixing tree in forestry and agroforestry systems.,Sooty Mold,CORRECT,"Sooty mold (Capnodium spp. and related fungi) is a well-documented superficial fungal growth on alder foliage and stems, developing on honeydew secreted by sap-feeding insects such as aphids and psyllids.",judged
Alfalfa,VALID,forage,Alfalfa,YES,YES,YES,,Downy Mildew,CORRECT,Downy mildew of alfalfa caused by Peronospora trifoliorum is a well-documented foliar disease of alfalfa.,judged
Alfalfa,VALID,forage,Alfalfa,YES,YES,YES,,Stemphylium Leaf Spot,CORRECT,Stemphylium leaf spot (Stemphylium botryosum) is a recognized foliar disease of alfalfa causing characteristic lesions on leaflets.,judged
Alfalfa,VALID,forage,Alfalfa,YES,YES,YES,,Summer Black Stem,CORRECT,Summer black stem and leaf spot caused by Cercospora medicaginis is a well-documented warm-season disease of alfalfa.,judged
Almond,VALID,nut_crop,Almond,YES,YES,YES,,Brown Rot,CORRECT,"Brown rot blossom blight and fruit rot caused by Monilinia laxa/fructicola is a major, well-documented disease of almond.",judged
Almond,VALID,nut_crop,Almond,YES,YES,YES,,Stigmina Fungus,QUESTIONABLE,"Refers to the pathogen genus (Stigmina carpophila, cause of shot hole) rather than the disease name, and uses informal 'fungus' phrasing.",judged
Alternateleaf Dogwood,VALID,ornamental,Alternate-leaf Dogwood,YES,YES,YES,"Cornus alternifolia, grown as an ornamental landscape tree/shrub.",Cryptodiaporthe Fungus,QUESTIONABLE,Names a pathogen genus (Cryptodiaporthe corni causes golden canker on Cornus alternifolia) rather than the disease itself (golden canker).,judged
Alumroot,VALID,ornamental,Alumroot,YES,YES,YES,Heuchera spp.; cultivated as a perennial ornamental (also called coral bells).,Rust,CORRECT,Rust caused by Puccinia heucherae is a well-documented foliar disease of Heuchera (alumroot).,judged
Amaryllis,VALID,ornamental,Amaryllis,YES,YES,YES,,Didymella Curtisii G.J. Jellis & Punith.,QUESTIONABLE,"This names the fungal pathogen (Stagonospora curtisii, syn. Didymella curtisii) rather than the disease itself, which is properly called red blotch, red fire, or leaf scorch of Amaryllis/Hippeastrum.",judged
American Beech,VALID,tree_crop,American Beech,YES,YES,YES,Fagus grandifolia; cultivated for timber and as an ornamental shade tree.,Neonectria Coccinea,QUESTIONABLE,"Names a fungal pathogen species (Neonectria coccinea) rather than the disease itself; the associated disease on American beech is beech bark disease, typically in a scale-insect/Neonectria complex.",judged
American Beech,VALID,tree_crop,American Beech,YES,YES,YES,Fagus grandifolia; cultivated for timber and as an ornamental shade tree.,Beech Leaf Disease,CORRECT,"Well-documented emerging disease of American beech caused by the foliar nematode Litylenchus crenatae mccannii, first described in Ohio in 2012 and now widespread in the eastern U.S.",judged
American Boxwood,VALID,ornamental,American Boxwood,YES,YES,YES,,Boxwood Blight,CORRECT,"Boxwood blight, caused by Calonectria pseudonaviculata, is a well-documented and economically significant fungal disease of American boxwood (Buxus sempervirens).",judged
American Chestnut,VALID,nut_crop,American Chestnut,YES,YES,YES,,Chestnut Blight Or Canker,CORRECT,"Chestnut blight, caused by Cryphonectria parasitica, is the devastating canker disease that decimated American chestnut populations.",judged
American Elm,VALID,ornamental,American Elm,YES,YES,YES,Ulmus americana is cultivated as a shade/ornamental tree and historically for timber.,Dutch Elm Disease,CORRECT,"Dutch Elm Disease, caused by Ophiostoma ulmi and O. novo-ulmi, is the most devastating and well-documented vascular wilt disease of American Elm (Ulmus americana).",judged
Apple,VALID,fruit,Apple,YES,YES,YES,,Beech Bark Disease,INCORRECT,"Disease of American beech (Fagus grandifolia) caused by scale insect and Neonectria fungi, not associated with apple.",judged
Apple,VALID,fruit,Apple,YES,YES,YES,,Apple Scab,CORRECT,Major apple disease caused by Venturia inaequalis affecting leaves and fruit worldwide.,judged
Apple,VALID,fruit,Apple,YES,YES,YES,,Fire Blight,CORRECT,"Destructive bacterial disease of apple caused by Erwinia amylovora affecting blossoms, shoots, and branches.",judged
Apple,VALID,fruit,Apple,YES,YES,YES,,Black Rot,CORRECT,"Well-known apple disease caused by Botryosphaeria obtusa causing frogeye leaf spot, fruit rot, and limb cankers.",judged
Apple,VALID,fruit,Apple,YES,YES,YES,,Cedar-Apple Rust,CORRECT,Classic apple disease caused by Gymnosporangium juniperi-virginianae requiring both apple and juniper hosts.,judged
Apple,VALID,fruit,Apple,YES,YES,YES,,Blue Mold,CORRECT,Important postharvest apple disease caused by Penicillium expansum affecting stored fruit.,judged
Arborvitae,VALID,ornamental,Arborvitae,YES,YES,YES,,Seiridium Cankers,CORRECT,"Seiridium canker, caused by Seiridium spp. (e.g., S. unicorne, S. cardinale), is a well-documented canker disease of arborvitae (Thuja) and other Cupressaceae.",judged
Ash,VALID,tree_crop,Ash,YES,YES,YES,"Refers to Fraxinus spp., cultivated as a timber and ornamental tree.",Ash Rusts,CORRECT,Ash rust caused by Puccinia sparganioides is a well-documented foliar and shoot disease of Fraxinus species.,judged
Aspen/Poplar,VALID,tree_crop,Aspen/Poplar,YES,YES,YES,"Populus species grown for timber, pulpwood, and biomass.",Marssonina Leaf Spots,CORRECT,"Marssonina spp. (e.g., M. brunnea, M. populi) are well-documented foliar pathogens causing leaf spot and premature defoliation in aspen and poplar.",judged
Aspen/Poplar,VALID,tree_crop,Aspen/Poplar,YES,YES,YES,"Populus species grown for timber, pulpwood, and biomass.",Cytospora Cankers,CORRECT,"Cytospora chrysosperma (Valsa sordida) is a widely reported canker pathogen of aspen and poplar, especially on stressed trees.",judged
Austrian Pine,VALID,ornamental,Austrian Pine,YES,YES,YES,Pinus nigra; grown as an ornamental/landscape tree and for timber and windbreaks.,Diplodia Sapinea De Not.,QUESTIONABLE,"Names the fungal pathogen (Diplodia sapinea) rather than the disease it causes, which is Diplodia tip blight (Sphaeropsis tip blight) of Austrian pine.",judged
Balsam Fir,VALID,tree_crop,Balsam Fir,YES,YES,YES,Cultivated commercially as a Christmas tree and for timber/pulpwood.,Rhizosphaera Needle Cast,QUESTIONABLE,Rhizosphaera kalkhoffii is primarily a pathogen of spruces (especially Colorado blue spruce); it is only occasionally reported on true firs and is an unusual association with balsam fir.,judged
Balsam Fir,VALID,tree_crop,Balsam Fir,YES,YES,YES,Cultivated commercially as a Christmas tree and for timber/pulpwood.,Fir-Fern Rust,CORRECT,Uredinopsis spp. cause a well-documented heteroecious rust that alternates between Abies balsamea (needles) and ferns.,judged
Barley,VALID,cereal,Barley,YES,YES,YES,,Cochliobolus Leaf Spot,QUESTIONABLE,"Cochliobolus is a pathogen genus (teleomorph of Bipolaris/Drechslera) rather than a specific disease; on barley this typically refers to spot blotch (Cochliobolus sativus) or net blotch, so the label is ambiguous.",judged
Basil,VALID,herb_spice,Basil,YES,YES,YES,,Basil Downy Mildew,CORRECT,"Basil downy mildew, caused by Peronospora belbahrii, is a well-documented and economically significant foliar disease of sweet basil worldwide.",judged
Bermudagrass,VALID,forage,Bermudagrass,YES,YES,YES,,Rust,CORRECT,Bermudagrass rust caused by Puccinia cynodontis is a well-documented foliar disease of Cynodon dactylon.,judged
Bermudagrass,VALID,forage,Bermudagrass,YES,YES,YES,,Limonomyces Fungus,QUESTIONABLE,"Limonomyces (e.g., L. roseipellis) causes pink patch on turfgrasses, but the label names the pathogen genus rather than the disease and is a less common association with bermudagrass than with cool-season turf.",judged
Birch,VALID,tree_crop,Birch,YES,YES,YES,,Powdery Mildew,CORRECT,Powdery mildew (caused by Phyllactinia guttata and other Erysiphales) is a well-documented foliar disease of birch.,judged
Birch,VALID,tree_crop,Birch,YES,YES,YES,,Marssonina Leaf Spot,QUESTIONABLE,"Marssonina leaf spot is well-known on poplar, willow, and rose; its association with birch is uncommon and not a standard birch disease.",judged
Black Cherry,VALID,fruit,Black Cherry,YES,YES,YES,,Black Knot,CORRECT,"Black knot, caused by Apiosporina morbosa, is a well-documented fungal disease that commonly affects Prunus serotina (black cherry), producing characteristic black, swollen galls on twigs and branches.",judged
Black Walnut,VALID,nut_crop,Black Walnut,YES,YES,YES,,Thousand Cankers Disease,CORRECT,Thousand Cankers Disease is a well-documented lethal disease of black walnut (Juglans nigra) caused by the fungus Geosmithia morbida vectored by the walnut twig beetle (Pityophthorus juglandis).,judged
Bleeding Heart,VALID,ornamental,Bleeding Heart,YES,YES,YES,,Tobacco Rattle Virus,CORRECT,"Tobacco Rattle Virus is a well-documented viral pathogen known to infect Bleeding Heart (Dicentra/Lamprocapnos spectabilis), causing ringspot and mosaic symptoms.",judged
Blue Spruce,VALID,ornamental,Blue Spruce,YES,YES,YES,"Picea pungens, cultivated as an ornamental/Christmas tree.",Ceropsora Weirii,QUESTIONABLE,Almost certainly a misspelling of the pathogen Chrysomyxa weirii (Weir's cushion rust); label names a pathogen rather than a disease and the genus 'Ceropsora' is not valid.,judged
Blue Spruce,VALID,ornamental,Blue Spruce,YES,YES,YES,"Picea pungens, cultivated as an ornamental/Christmas tree.",Spruce Needle Rusts,CORRECT,"Well-documented group of Chrysomyxa rust diseases that affect spruce species, including blue spruce.",judged
Blue Spruce,VALID,ornamental,Blue Spruce,YES,YES,YES,"Picea pungens, cultivated as an ornamental/Christmas tree.",Rhizosphaera Needle Cast,CORRECT,Rhizosphaera kalkhoffii is a classic and highly prevalent needle cast pathogen of Picea pungens (blue spruce).,judged
Boxwood,VALID,ornamental,Boxwood,YES,YES,YES,,Boxwood Blight,CORRECT,Well-documented destructive disease of boxwood caused by Calonectria pseudonaviculata.,judged
Boxwood,VALID,ornamental,Boxwood,YES,YES,YES,,Pseudonectria Buxi B.O. Dodge,QUESTIONABLE,Names the pathogen (with taxonomic authority) rather than the disease; the corresponding disease is Volutella blight/canker of boxwood.,judged
Brazilian Gloxinia,VALID,ornamental,Brazilian Gloxinia,YES,YES,YES,,Tomato Spotted Wilt Virus,CORRECT,"Tomato spotted wilt virus (TSWV) is a well-documented tospovirus with a very broad host range that includes Sinningia speciosa (Brazilian gloxinia), causing ringspots, chlorotic blotches, and stunting.",judged
Broccoli,VALID,vegetable,Broccoli,YES,YES,YES,,Downy Mildew,CORRECT,Downy mildew caused by Hyaloperonospora parasitica (syn. Peronospora parasitica) is a well-documented and economically important disease of broccoli and other Brassica crops.,judged
Buckeye,VALID,ornamental,Buckeye,YES,YES,YES,"Aesculus spp.; grown ornamentally and for timber, though seeds are toxic if not processed.",Guignardia Blotch Of Buckeyes And Horsechestnuts,CORRECT,"Guignardia leaf blotch, caused by Guignardia aesculi, is a well-documented foliar disease of Aesculus species including buckeyes and horsechestnuts.",judged
Burley Tobacco,VALID,other,Burley Tobacco,YES,YES,YES,Light air-cured variety of Nicotiana tabacum grown commercially for cigarette blends.,Blue Mold,CORRECT,Blue mold caused by Peronospora tabacina is a major foliar disease of burley tobacco worldwide.,judged
Burley Tobacco,VALID,other,Burley Tobacco,YES,YES,YES,Light air-cured variety of Nicotiana tabacum grown commercially for cigarette blends.,"Rhizoctonia Damping-Off, Blight And Rot",CORRECT,Rhizoctonia solani causes damping-off in float beds and target spot/sore shin on field tobacco including burley.,judged
Burley Tobacco,VALID,other,Burley Tobacco,YES,YES,YES,Light air-cured variety of Nicotiana tabacum grown commercially for cigarette blends.,Tomato Spotted Wilt Virus,CORRECT,TSWV (genus Orthotospovirus) is a well-documented thrips-transmitted virus of tobacco causing necrotic ringspots and stunting in burley.,judged
Cabbage,VALID,vegetable,Cabbage,YES,YES,YES,,Downy Mildew,CORRECT,Peronospora parasitica is a well-documented foliar disease of cabbage and other crucifers.,judged
Cabbage,VALID,vegetable,Cabbage,YES,YES,YES,,Bacterial Soft Rot,CORRECT,Pectobacterium/Erwinia-induced soft rot is a major postharvest and field disease of cabbage heads.,judged
Cabbage,VALID,vegetable,Cabbage,YES,YES,YES,,Phytophthora Root And Stem Rot,QUESTIONABLE,"Phytophthora root/stem rot is not a commonly reported disease of cabbage; crucifers are more typically affected by Phytophthora porri or P. brassicae in rare cases, making this an unusual association.",judged
Cabbage,VALID,vegetable,Cabbage,YES,YES,YES,,Black Rot Of Crucifers,CORRECT,Xanthomonas campestris pv. campestris black rot is the most important bacterial disease of cabbage worldwide.,judged
Cabbage,VALID,vegetable,Cabbage,YES,YES,YES,,Club Root Of Crucifers,CORRECT,Plasmodiophora brassicae clubroot is a classic and devastating soil-borne disease of cabbage.,judged
Cabbage Collards And Kale,MISSPELLED_OR_UNSTANDARDISED,vegetable,"Cabbage, Collards, and Kale",YES,YES,NO,Composite grouping of three distinct Brassica oleracea crops; should be split or comma-separated rather than combined as one crop name.,Alternaria Black Molds / Stem Cankers,QUESTIONABLE,"Alternaria (A. brassicae/A. brassicicola) causes black/dark leaf spot on brassicas, but 'black molds / stem cankers' is an atypical and imprecise descriptor for this disease on cabbage, collards, and kale.",judged
Camellia,VALID,ornamental,Camellia,YES,YES,YES,"Genus name; commonly grown as ornamental, though Camellia sinensis is the tea plant (beverage crop).",Sudden Oak Death,QUESTIONABLE,"Phytophthora ramorum does infect Camellia (as a foliar/twig host and major nursery carrier), but the disease name 'Sudden Oak Death' refers to the lethal oak syndrome — on Camellia it is properly called Ramorum blight/dieback.",judged
Camellia,VALID,ornamental,Camellia,YES,YES,YES,"Genus name; commonly grown as ornamental, though Camellia sinensis is the tea plant (beverage crop).",Camellia Flower Blight,CORRECT,"Well-documented disease of Camellia caused by Ciborinia camelliae, producing brown petal lesions and rapid flower collapse.",judged
"Cane Fruit (Blackberry, Raspberry)",VALID,fruit,"Cane Fruit (Blackberry, Raspberry)",YES,YES,YES,"Group label covering Rubus cane fruits (blackberry, raspberry).",Orange Rust,CORRECT,Orange rust (Arthuriomyces peckianus / Gymnoconia nitens) is a well-documented systemic rust disease of blackberry and black raspberry.,judged
Carrot,VALID,root_tuber,Carrot,YES,YES,YES,,Alternaria Black Molds / Stem Cankers,QUESTIONABLE,"Alternaria can cause black mold on carrot roots in storage, but 'stem cankers' is not a standard carrot disease term and the combined label is vague.",judged
Carrot,VALID,root_tuber,Carrot,YES,YES,YES,,Alternaria Blight,CORRECT,Alternaria leaf blight (Alternaria dauci) is a well-documented and economically important foliar disease of carrot.,judged
Cedar,VALID,tree_crop,Cedar,YES,YES,YES,,Cryptosporiopsis Canker,QUESTIONABLE,"Cryptosporiopsis cankers are well-documented on hardwoods (e.g., aspen, oak) but are not a typical or well-established canker disease of Cedar (Cedrus or Thuja); cedar cankers are more commonly attributed to Seiridium, Botryosphaeria, or Kabatina.",judged
Chickpea,VALID,legume,Chickpea,YES,YES,YES,,Ascochyta Blight Of Chickpea,CORRECT,"Ascochyta blight, caused by Ascochyta rabiei, is one of the most economically important and well-documented fungal diseases of chickpea worldwide.",judged
Chinese Cabbage,VALID,vegetable,Chinese Cabbage,YES,YES,YES,,"Rhizoctonia Damping-Off, Blight And Rot",CORRECT,"Rhizoctonia solani is a well-documented soilborne pathogen causing damping-off, wirestem, bottom rot and head rot on Chinese cabbage and other brassicas.",judged
Chokeberry,VALID,fruit,Chokeberry,YES,YES,YES,,Entomosporium Leaf Spot,CORRECT,"Entomosporium leaf spot, caused by Entomosporium mespili (Diplocarpon mespili), is a well-documented foliar disease of chokeberry (Aronia) and other Rosaceae.",judged
Citrus,VALID,fruit,Citrus,YES,YES,YES,,Citrus Canker,CORRECT,"Citrus canker is a well-documented bacterial disease of citrus caused by Xanthomonas citri subsp. citri, producing raised corky lesions on leaves, fruit, and stems.",judged
Coast Live Oak,NON_CROP,other,Coast Live Oak (Quercus agrifolia),YES,NO,N/A,"Native California wild oak; ecologically important and sometimes planted as an ornamental shade tree, but not cultivated as an agricultural or horticultural crop.",,,,skipped: Crop verdict is NON_CROP
Coleus,VALID,ornamental,Coleus,YES,YES,YES,,Downy Mildew,CORRECT,"Downy mildew caused by Peronospora belbahrii (and related Peronospora spp.) is a well-documented foliar disease of Coleus (Plectranthus scutellarioides) causing leaf yellowing, defoliation, and characteristic sporulation on leaf undersides.",judged
Common Bean,VALID,legume,Common Bean,YES,YES,YES,,Beet Curly Top Virus,CORRECT,"Beet curly top virus (BCTV) is a well-documented leafhopper-transmitted geminivirus that infects common bean, causing curly top disease.",judged
Common Bean,VALID,legume,Common Bean,YES,YES,YES,,Halo Blight,CORRECT,"Halo blight, caused by Pseudomonas savastanoi pv. phaseolicola, is a major bacterial disease of common bean.",judged
Common Bean,VALID,legume,Common Bean,YES,YES,YES,,Sclerotinia Timber Rot,QUESTIONABLE,'Timber rot' is the tomato-specific common name for Sclerotinia sclerotiorum; on common bean this disease is properly called white mold or Sclerotinia stem rot.,judged
Common Bean,VALID,legume,Common Bean,YES,YES,YES,,Dry Bean Rust,CORRECT,Bean rust caused by Uromyces appendiculatus is a well-known fungal disease of common (dry) bean.,judged
Common Bean,VALID,legume,Common Bean,YES,YES,YES,,"Common Bacterial  Blight Of Beans, Fuscous Blight",CORRECT,Common bacterial blight (Xanthomonas axonopodis pv. phaseoli) and fuscous blight (var. fuscans) are the recognized bacterial blights of common bean.,judged
Common Beet,VALID,vegetable,Beet,YES,YES,YES,,"Rhizoctonia Damping-Off, Blight And Rot",CORRECT,"Rhizoctonia solani is a well-documented soilborne pathogen of sugar/common beet causing seedling damping-off, crown/root rot, and foliar blight.",judged
Common Filbert,VALID,nut_crop,Common Filbert,YES,YES,YES,Also known as common hazel (Corylus avellana); cultivated for hazelnuts.,Eastern Filbert Blight,CORRECT,"Eastern Filbert Blight, caused by Anisogramma anomala, is a well-documented and economically significant fungal disease of Corylus avellana (Common Filbert/Hazelnut).",judged
Common Lilac,VALID,ornamental,Common Lilac,YES,YES,YES,,Cladosporium Fungi,QUESTIONABLE,Names a fungal genus rather than a specific disease; Cladosporium can cause minor leaf spot on lilac but the label is vague.,judged
Common Lilac,VALID,ornamental,Common Lilac,YES,YES,YES,,Anthracnose,QUESTIONABLE,Anthracnose is a real disease group but is not a commonly documented or significant disease of common lilac (Syringa vulgaris).,judged
Common Ninebark,VALID,ornamental,Common Ninebark,YES,YES,YES,"Physocarpus opulifolius, a deciduous shrub widely grown as an ornamental landscape plant.",Powdery Mildew,CORRECT,Powdery mildew (commonly caused by Podosphaera species) is a well-documented and frequently observed foliar disease of Physocarpus opulifolius (common ninebark).,judged
Common Pear,VALID,fruit,Common Pear,YES,YES,YES,,Pear Scab,CORRECT,Pear scab caused by Venturia pyrina is a well-documented fungal disease of common pear affecting leaves and fruit.,judged
Common Pear,VALID,fruit,Common Pear,YES,YES,YES,,Bitter Rot And Anthracnose,QUESTIONABLE,"Bitter rot (Colletotrichum spp.) and anthracnose are real diseases that can affect pear, but bundling two distinct disease names into one label is vague and conflates separate conditions.",judged
Common Sunflower,VALID,oilseed,Common Sunflower,YES,YES,YES,,Rust,CORRECT,Sunflower rust caused by Puccinia helianthi is a well-documented and economically important disease of common sunflower worldwide.,judged
Common Sunflower,VALID,oilseed,Common Sunflower,YES,YES,YES,,Sclerotinia Timber Rot,QUESTIONABLE,"Sclerotinia sclerotiorum does cause head, stalk, and basal rot in sunflower, but 'Timber Rot' is a name typically applied to Sclerotinia stem rot of tomato and is not a standard name for any sunflower disease.",judged
Corn,VALID,cereal,Corn,YES,YES,YES,,Southern Corn Rust,CORRECT,Well-documented rust disease of corn caused by Puccinia polysora.,judged
Corn,VALID,cereal,Corn,YES,YES,YES,,Bacterial Rot And Blight,QUESTIONABLE,Vague umbrella term; corn has several distinct bacterial rots/blights that should be named specifically.,judged
Corn,VALID,cereal,Corn,YES,YES,YES,,Corn Smut,CORRECT,Common smut of corn caused by Ustilago maydis is a well-known disease.,judged
Corn,VALID,cereal,Corn,YES,YES,YES,,Common Corn Rust,CORRECT,Standard rust disease of corn caused by Puccinia sorghi.,judged
Corn,VALID,cereal,Corn,YES,YES,YES,,Xanthomonas Vasicola,QUESTIONABLE,Names the pathogen (X. vasicola pv. vasculorum causes bacterial leaf streak of corn) rather than the disease itself.,judged
Corn,VALID,cereal,Corn,YES,YES,YES,,Gray Leaf Spot,CORRECT,Major foliar disease of corn caused by Cercospora zeae-maydis.,judged
Corn,VALID,cereal,Corn,YES,YES,YES,,Goss' Bacterial Wilt,CORRECT,"Goss's bacterial wilt and blight, caused by Clavibacter nebraskensis, is a well-known corn disease.",judged
Corn,VALID,cereal,Corn,YES,YES,YES,,Northern Corn Leaf Blight,CORRECT,Well-documented foliar disease of corn caused by Exserohilum turcicum.,judged
Corn,VALID,cereal,Corn,YES,YES,YES,,Brown Spot Of Corn,CORRECT,Brown spot of corn caused by Physoderma maydis is a recognized disease.,judged
Corn,VALID,cereal,Corn,YES,YES,YES,,White Ear Rot And Seedling Blight Of Maize,CORRECT,"Known disease complex of maize, typically associated with Stenocarpella maydis (Diplodia).",judged
Corn,VALID,cereal,Corn,YES,YES,YES,,Anthracnose,CORRECT,Anthracnose leaf blight and stalk rot of corn is caused by Colletotrichum graminicola.,judged
Corn,VALID,cereal,Corn,YES,YES,YES,,Fusarium Graminearum Schwabe,QUESTIONABLE,Names the pathogen species rather than the disease (Gibberella ear/stalk rot of corn).,judged
Corn,VALID,cereal,Corn,YES,YES,YES,,Downy Mildew,CORRECT,"Several Peronosclerospora spp. cause downy mildews of corn, particularly in tropical regions.",judged
Corn,VALID,cereal,Corn,YES,YES,YES,,Dry Rot Of Ears And Stalks Of Maize,CORRECT,Diplodia dry rot of ears and stalks (Stenocarpella maydis) is a recognized maize disease.,judged
Cornelian Cherry Dogwood,VALID,fruit,Cornelian Cherry Dogwood,YES,YES,YES,,Brown Rot,QUESTIONABLE,"Brown rot (Monilinia spp.) is primarily a disease of stone fruits (Prunus); while Cornus mas fruits can occasionally develop fungal rots, brown rot is not a well-documented or characteristic disease of Cornelian Cherry Dogwood.",judged
Cotton,VALID,fiber_crop,Cotton,YES,YES,YES,,Corynespora Leaf Spot,CORRECT,"Corynespora leaf spot, caused by Corynespora cassiicola, is a well-documented foliar disease of cotton that produces target-like necrotic lesions on leaves.",judged
Cowpea,VALID,legume,Cowpea,YES,YES,YES,,Flower Blights,QUESTIONABLE,"Generic symptom-based label rather than a specific named disease; cowpea flowers can be affected by Choanephora blight or Botrytis, but 'Flower Blights' alone is too vague to identify the causal pathogen.",judged
Crabapple And Apple,MISSPELLED_OR_UNSTANDARDISED,fruit,Apple (incl. crabapple),YES,YES,NO,Combined entry grouping crabapple (Malus spp.) with cultivated apple (Malus domestica); should be split or standardised.,Japanese Apple Rust,CORRECT,Japanese apple rust (Gymnosporangium yamadae) is a well-documented rust disease affecting apple and crabapple (Malus spp.) foliage and fruit.,judged
Creeping Bentgrass,VALID,forage,Creeping Bentgrass,YES,YES,YES,"Agrostis stolonifera; primarily cultivated as a turfgrass for golf greens and lawns rather than forage, but falls under cultivated grass crops.",Anthracnose,CORRECT,"Anthracnose, caused by Colletotrichum cereale, is a well-documented foliar blight and basal rot disease of creeping bentgrass on golf course greens.",judged
Creeping Bentgrass,VALID,forage,Creeping Bentgrass,YES,YES,YES,"Agrostis stolonifera; primarily cultivated as a turfgrass for golf greens and lawns rather than forage, but falls under cultivated grass crops.",Dollar Spot,CORRECT,"Dollar spot, caused by Clarireedia jacksonii (formerly Sclerotinia homoeocarpa), is one of the most economically important diseases of creeping bentgrass turf.",judged
Crimson Fountaingrass,VALID,ornamental,Crimson Fountaingrass,YES,YES,YES,Pennisetum setaceum 'Rubrum'; grown as an ornamental grass.,Take-All Root Rot,QUESTIONABLE,Take-all root rot (Gaeumannomyces graminis) primarily affects turfgrasses and cereals; its association with ornamental Crimson Fountaingrass (Pennisetum setaceum 'Rubrum') is not well-documented in standard plant pathology literature.,judged
Cucumber,VALID,vegetable,Cucumber,YES,YES,YES,,Cucurbit Downy Mildew,CORRECT,Pseudoperonospora cubensis is a major downy mildew disease of cucumber and other cucurbits.,judged
Cucumber,VALID,vegetable,Cucumber,YES,YES,YES,,Anthracnose,CORRECT,"Colletotrichum orbiculare causes anthracnose, a well-documented foliar and fruit disease of cucumber.",judged
Cucumber,VALID,vegetable,Cucumber,YES,YES,YES,,Angular Leaf Spot Of Cucumber,CORRECT,Pseudomonas syringae pv. lachrymans is the classic bacterial angular leaf spot pathogen of cucumber.,judged
Cucumber,VALID,vegetable,Cucumber,YES,YES,YES,,Phytophthora Blight,CORRECT,"Phytophthora capsici causes crown, fruit, and foliar blight on cucumber and other cucurbits.",judged
Cucumber,VALID,vegetable,Cucumber,YES,YES,YES,,Scab,CORRECT,Cucurbit scab caused by Cladosporium cucumerinum is a well-known disease of cucumber.,judged
Cucumber,VALID,vegetable,Cucumber,YES,YES,YES,,Powdery Mildew,CORRECT,Podosphaera xanthii and Erysiphe cichoracearum are well-documented powdery mildew pathogens of cucumber.,judged
Cucumber,VALID,vegetable,Cucumber,YES,YES,YES,,Corynespora Leaf Spot,CORRECT,"Corynespora cassiicola causes target leaf spot on cucumber, especially in greenhouse production.",judged
Cucumber,VALID,vegetable,Cucumber,YES,YES,YES,,Pythium Diseases,QUESTIONABLE,"Pythium spp. do cause damping-off and root rot on cucumber, but the label names a pathogen genus rather than a specific disease.",judged
Cucumber,VALID,vegetable,Cucumber,YES,YES,YES,,Bacterial Wilt,CORRECT,"Erwinia tracheiphila, vectored by cucumber beetles, causes bacterial wilt of cucumber.",judged
Cucumber,VALID,vegetable,Cucumber,YES,YES,YES,,"Rhizoctonia Damping-Off, Blight And Rot",CORRECT,"Rhizoctonia solani causes damping-off, belly rot, and foliar blight on cucumber.",judged
Cucumber,VALID,vegetable,Cucumber,YES,YES,YES,,Gummy Stem Blight,CORRECT,Stagonosporopsis cucurbitacearum (formerly Didymella bryoniae) causes gummy stem blight and black rot on cucumber.,judged
Cultivated Garlic,VALID,herb_spice,Garlic,YES,YES,YES,,Alternaria Embellisia Togashi,QUESTIONABLE,"Not a disease name; it strings together two fungal genera (Alternaria, Embellisia) and what appears to be a taxonomic authority, though Embellisia allii does cause skin blotch on garlic.",judged
Cultivated Garlic,VALID,herb_spice,Garlic,YES,YES,YES,,Gray Molds,CORRECT,"Gray mold / Botrytis neck rot (Botrytis porri, B. allii, B. cinerea) is a well-documented field and storage disease of garlic, though the plural form is imprecise.",judged
Cultivated Garlic,VALID,herb_spice,Garlic,YES,YES,YES,,Onion Rust,CORRECT,"Rust caused by Puccinia allii (P. porri) is a well-known foliar disease of garlic and other Alliums, often called garlic/leek/onion rust interchangeably.",judged
Cultivated Garlic,VALID,herb_spice,Garlic,YES,YES,YES,,Bread Mold,QUESTIONABLE,"Colloquial term for Rhizopus/Neurospora; Rhizopus soft rot of garlic bulbs in storage does exist, but 'bread mold' is not a standard phytopathological disease label.",judged
Cultivated Garlic,VALID,herb_spice,Garlic,YES,YES,YES,,White Rot,CORRECT,White rot caused by Stromatinia cepivora (Sclerotium cepivorum) is one of the most destructive soilborne diseases of cultivated garlic.,judged
Curly Dock,NON_CROP,other,Curly Dock,YES,NO,N/A,"Rumex crispus is a weedy wild plant, not cultivated as an agricultural or horticultural crop.",,,,skipped: Crop verdict is NON_CROP
Daphne,VALID,ornamental,Daphne,YES,YES,YES,,Tubercularia Cankers,CORRECT,"Tubercularia canker (caused by Tubercularia spp., anamorph of Nectria) is a documented canker disease affecting Daphne shrubs.",judged
Dark Tobacco,VALID,other,Dark Tobacco,YES,YES,YES,Dark (air- or fire-cured) tobacco is a recognized commercial class of Nicotiana tabacum.,Phytophthora Blight,CORRECT,"Phytophthora nicotianae causes black shank/Phytophthora blight, a well-documented and economically important disease of dark tobacco.",judged
Deadwood And Snags,INVALID,other,Deadwood And Snags,NO,N/A,N/A,"Refers to dead standing or fallen woody material in forests, not a plant or cultivated crop.",,,,skipped: Crop verdict is INVALID
Doghobble,VALID,ornamental,Doghobble,YES,YES,YES,"Leucothoe spp., an evergreen shrub used in landscape ornamental horticulture.","Calonectria Cylindrospora Crous, Alfenas & M.J. Wingf.",QUESTIONABLE,"This is a pathogen species name with taxonomic authors rather than a disease name, and Calonectria cylindrospora is not a well-established pathogen specifically reported on Leucothoe (doghobble).",judged
Dogwood,VALID,ornamental,Dogwood,YES,YES,YES,,Powdery Mildew,CORRECT,Powdery mildew (caused primarily by Erysiphe pulchra) is a well-documented foliar disease of flowering dogwood (Cornus florida).,judged
Dogwood,VALID,ornamental,Dogwood,YES,YES,YES,,Dogwood Anthracnose,CORRECT,"Dogwood anthracnose, caused by Discula destructiva, is a major and well-documented disease of Cornus florida and C. nuttallii.",judged
Double Impatiens,VALID,ornamental,Double Impatiens,YES,YES,YES,"Refers to double-flowered cultivars of Impatiens, grown as bedding ornamentals.",Downy Mildew,CORRECT,Downy mildew caused by Plasmopara obducens is a well-documented and devastating disease of Impatiens walleriana including double-flowered cultivars.,judged
Douglas-Fir,VALID,tree_crop,Douglas-fir,YES,YES,YES,Grown as a timber and Christmas tree crop; Pseudotsuga menziesii.,Swiss Needle Cast,CORRECT,Well-documented foliar disease of Douglas-fir caused by the fungus Nothophaeocryptopus gaeumannii.,judged
Douglas-Fir,VALID,tree_crop,Douglas-fir,YES,YES,YES,Grown as a timber and Christmas tree crop; Pseudotsuga menziesii.,Rhabdocline Needlecasts,CORRECT,"Rhabdocline spp. (e.g., R. pseudotsugae, R. weirii) cause classic needle cast diseases specific to Douglas-fir.",judged
Eastern Hemlock,VALID,tree_crop,Eastern Hemlock,YES,YES,YES,Tsuga canadensis; cultivated as ornamental and managed for timber.,Hemlock Tip Blight,CORRECT,"Hemlock tip blight, caused by Sirococcus tsugae, is a well-documented fungal disease affecting Eastern Hemlock (Tsuga canadensis), causing dieback of new shoots and needles.",judged
Eastern Redcedar,VALID,tree_crop,Eastern Redcedar,YES,YES,YES,"Juniperus virginiana; cultivated for timber, windbreaks, and ornamental use.",Cedar-Apple Rust,CORRECT,Gymnosporangium juniperi-virginianae forms galls on Eastern Redcedar (Juniperus virginiana) as its telial host in a well-documented heteroecious rust life cycle with apple.,judged
Eastern White Pine,VALID,tree_crop,Eastern White Pine,YES,YES,YES,,Caliciopsis Canker,CORRECT,"Caliciopsis pinea is a well-documented canker disease of Eastern white pine, especially in the northeastern US.",judged
Eastern White Pine,VALID,tree_crop,Eastern White Pine,YES,YES,YES,,Needle Cast,QUESTIONABLE,"Needle cast is a real disease category (e.g., white pine needle damage complex involving Lecanosticta, Lophophacidium, Bifusella) but the label is vague and not pathogen-specific.",judged
Eastern White Pine,VALID,tree_crop,Eastern White Pine,YES,YES,YES,,White Pine Blister Rust,CORRECT,"Cronartium ribicola causes blister rust, the most economically significant disease of Eastern white pine.",judged
Eastern White Pine,VALID,tree_crop,Eastern White Pine,YES,YES,YES,,Stem Rot,QUESTIONABLE,"Stem rot is not a standard disease name for Eastern white pine; root and butt rots (Heterobasidion, Armillaria) are documented but 'stem rot' is vague and atypical for conifers.",judged
Eastern White Pine,VALID,tree_crop,Eastern White Pine,YES,YES,YES,,Septoria Leaf Spot And Cankers,INCORRECT,"Septoria is a foliar pathogen of broadleaf plants (tomato, hemp, etc.); pines have needles, not leaves, and Septoria is not a recognized pathogen of Eastern white pine.",judged
Eastern White Pine,VALID,tree_crop,Eastern White Pine,YES,YES,YES,,Leaf Blotch,INCORRECT,"Leaf blotch is a disease of broadleaf hosts; Eastern white pine has needles, and 'leaf blotch' is not a recognized disease of this conifer.",judged
Eggplant,VALID,vegetable,Eggplant,YES,YES,YES,,Diaporthe Vexans Gratz,QUESTIONABLE,"Names the pathogen (Phomopsis vexans, syn. Diaporthe vexans) with taxonomic authority rather than the disease name 'Phomopsis blight/fruit rot'.",judged
Eggplant,VALID,vegetable,Eggplant,YES,YES,YES,,Phytophthora Blight,CORRECT,"Phytophthora blight (caused by Phytophthora spp., e.g., P. capsici, P. nicotianae) is a well-documented disease of eggplant affecting foliage, stems, and fruit.",judged
Elm,VALID,tree_crop,Elm,YES,YES,YES,Cultivated as an ornamental and timber tree (genus Ulmus).,Dutch Elm Disease,CORRECT,"Classic vascular wilt of elms caused by Ophiostoma ulmi/novo-ulmi, vectored by elm bark beetles.",judged
Elm,VALID,tree_crop,Elm,YES,YES,YES,Cultivated as an ornamental and timber tree (genus Ulmus).,Black Spot Of Elm,QUESTIONABLE,"Black spot/anthracnose-type leaf spots (e.g., Stegophora ulmea) do occur on elm, but 'Black Spot of Elm' is not a standard disease name and is more commonly associated with rose.",judged
Elm,VALID,tree_crop,Elm,YES,YES,YES,Cultivated as an ornamental and timber tree (genus Ulmus).,Bacterial Leaf Scorch,CORRECT,"Xylella fastidiosa causes bacterial leaf scorch in elm, producing marginal necrosis and dieback.",judged
Epimedium,VALID,ornamental,Epimedium,YES,YES,YES,Also cultivated as a medicinal herb (horny goat weed) in traditional Chinese medicine.,Tobacco Rattle Virus,CORRECT,"Tobacco Rattle Virus (TRV) is a well-documented nepovirus-like tobravirus that infects Epimedium, causing characteristic ringspot and mosaic symptoms on foliage.",judged
European Birch,VALID,tree_crop,European Birch,YES,YES,YES,,Septoria Leaf Spot,CORRECT,Septoria betulae and related Septoria species are documented foliar pathogens causing leaf spot on Betula pendula (European birch).,judged
European Crabapple,VALID,fruit,European Crabapple,YES,YES,YES,,Bitter Rot And Anthracnose,QUESTIONABLE,"Both are real Colletotrichum-caused diseases of Malus, but bundling two distinct disease names into one label is imprecise and should be split into separate entries.",judged
European Red Raspberry,VALID,fruit,European Red Raspberry,YES,YES,YES,,Rust,QUESTIONABLE,"Real disease category but vague; raspberry rusts include yellow rust (Phragmidium rubi-idaei) and late rust (Pucciniastrum americanum), and the specific pathogen is not identified.",judged
European Red Raspberry,VALID,fruit,European Red Raspberry,YES,YES,YES,,Gnomonia Cane Canker,CORRECT,"Cane canker caused by Gnomonia species (e.g., Gnomonia rubi) is a documented disease of Rubus idaeus affecting canes.",judged
Field Pea,VALID,legume,Field Pea,YES,YES,YES,,Ascochyta Blight Of Pea,CORRECT,"Ascochyta blight, caused by the Ascochyta/Mycosphaerella complex (Ascochyta pisi, Mycosphaerella pinodes, Phoma medicaginis var. pinodella), is a well-documented and economically important foliar/stem disease of field pea (Pisum sativum).",judged
Fig/Banyan,MISSPELLED_OR_UNSTANDARDISED,fruit,Fig (Ficus carica),YES,YES,NO,"Ambiguous grouping; edible fig (Ficus carica) is cultivated as a fruit crop, while banyan (Ficus benghalensis) is typically a non-crop shade/ornamental tree.",Fig Rust,CORRECT,"Fig rust, caused by Cerotelium fici, is a well-documented foliar disease of fig (Ficus carica) causing yellow-brown leaf spots and premature defoliation.",judged
Flue-Cured Tobacco,VALID,other,Flue-Cured Tobacco,YES,YES,YES,Flue-cured (Virginia) tobacco is a curing-method-defined market class of Nicotiana tabacum grown as a commercial non-food crop.,Phytophthora Blight,QUESTIONABLE,"Tobacco is affected by Phytophthora nicotianae causing black shank (root/stem rot), not typically called 'Phytophthora Blight'; the label is vague and likely refers to black shank.",judged
Forsythia,VALID,ornamental,Forsythia,YES,YES,YES,,Phomopsis Cankers And Twig Blights,CORRECT,"Phomopsis spp. are well-documented causes of cankers and twig blights on Forsythia, producing dieback and stem lesions.",judged
Garden Onion,VALID,vegetable,Onion,YES,YES,YES,,Black Mold,CORRECT,"Aspergillus niger causes black mold, a well-documented postharvest disease of onion bulbs.",judged
Garden Onion,VALID,vegetable,Onion,YES,YES,YES,,Downy Mildew,CORRECT,"Peronospora destructor is a classic, economically important foliar disease of Allium cepa.",judged
Garden Onion,VALID,vegetable,Onion,YES,YES,YES,,Onion Yellows Phytoplasma,QUESTIONABLE,"Phytoplasma yellows diseases do occur in onion, but the label names the pathogen rather than the disease (e.g., 'onion yellows') and is uncommonly reported as a major onion disease.",judged
Garden Onion,VALID,vegetable,Onion,YES,YES,YES,,Fusarium Damping-Off,QUESTIONABLE,"Fusarium basal rot is the canonical Fusarium disease of onion; damping-off in onion seedlings is more typically attributed to Pythium, making this association unusual.",judged
Garden Onion,VALID,vegetable,Onion,YES,YES,YES,,Iris Yellow Spot Virus,CORRECT,"IYSV (Tospovirus, thrips-vectored) is a globally significant disease of onion bulb and seed crops.",judged
Garden Onion,VALID,vegetable,Onion,YES,YES,YES,,Purple Blotch,CORRECT,"Alternaria porri causes purple blotch, a major foliar disease of onion.",judged
Geranium,VALID,ornamental,Geranium,YES,YES,YES,,Rust,CORRECT,Geranium rust caused by Puccinia pelargonii-zonalis is a well-documented fungal disease of Pelargonium (geranium).,judged
Glossy Buckthorn,NON_CROP,other,Glossy Buckthorn (Frangula alnus),YES,NO,N/A,"Invasive shrub, not cultivated as a crop.",,,,skipped: Crop verdict is NON_CROP
Gourd,VALID,vegetable,Gourd,YES,YES,YES,,Phytophthora Blight,CORRECT,"Phytophthora capsici causes well-documented blight on cucurbits including gourds, affecting fruit, crowns, and foliage.",judged
Gourd,VALID,vegetable,Gourd,YES,YES,YES,,Fusarium Damping-Off,CORRECT,Fusarium species are recognized causal agents of damping-off in cucurbit seedlings including gourds.,judged
Gourd,VALID,vegetable,Gourd,YES,YES,YES,,Powdery Mildew,CORRECT,Powdery mildew caused by Podosphaera xanthii and Erysiphe cichoracearum is a major foliar disease of gourds and other cucurbits.,judged
Grape,VALID,fruit,Grape,YES,YES,YES,,Powdery Mildew,CORRECT,"Caused by Erysiphe necator, a major worldwide grape disease.",judged
Grape,VALID,fruit,Grape,YES,YES,YES,,Black Rot,CORRECT,"Caused by Guignardia bidwellii, a well-known destructive grape disease.",judged
Grape,VALID,fruit,Grape,YES,YES,YES,,Gray Mold,CORRECT,Botrytis cinerea bunch rot is a major grape disease affecting berries and clusters.,judged
Grape,VALID,fruit,Grape,YES,YES,YES,,Grape Anthracnose,CORRECT,"Caused by Elsinoe ampelina, a documented disease of grapevines.",judged
Grape,VALID,fruit,Grape,YES,YES,YES,,Downy Mildew,CORRECT,"Caused by Plasmopara viticola, one of the most important grape diseases globally.",judged
Grape,VALID,fruit,Grape,YES,YES,YES,,Pseudocercospora Leaf Spot,CORRECT,"Caused by Pseudocercospora vitis (formerly Mycosphaerella angulata), a recognized grape leaf disease.",judged
Hawthorn,VALID,ornamental,Hawthorn,YES,YES,YES,"Crataegus spp.; grown ornamentally and as hedging, with some species cultivated for edible/medicinal fruit.",Quince Rust,CORRECT,"Quince rust (Gymnosporangium clavipes) is a well-documented disease of hawthorn (Crataegus spp.), which serves as a common telial host causing fruit and twig deformation.",judged
Hemp/Marijuana (Sativa),VALID,fiber_crop,Cannabis sativa,YES,YES,YES,"Cannabis sativa is cultivated for fiber (hemp), oilseed, and medicinal/recreational use (marijuana).",Beet Curly Top Virus,CORRECT,"Beet curly top virus (BCTV), transmitted by the beet leafhopper, is a documented and economically significant virus infecting Cannabis sativa, causing leaf curling, stunting, and yield loss.",judged
Hickory,VALID,nut_crop,Hickory,YES,YES,YES,,Ascochyta Fungi,QUESTIONABLE,"Names a fungal genus rather than a specific disease, and Ascochyta is not a well-documented pathogen of hickory (Carya spp.).",judged
Highbush Blackberry,VALID,fruit,Highbush Blackberry,YES,YES,YES,,Downy Mildew,QUESTIONABLE,"Downy mildew (Peronospora sparsa) is documented on Rubus species but is far more commonly reported on raspberry and boysenberry than on highbush blackberry, making this an unusual/uncertain association without pathogen specification.",judged
Highbush Blueberry,VALID,fruit,Highbush Blueberry,YES,YES,YES,,Anthracnose,CORRECT,Anthracnose fruit rot caused by Colletotrichum spp. is a well-documented disease of highbush blueberry.,judged
Highbush Blueberry,VALID,fruit,Highbush Blueberry,YES,YES,YES,,Twig Canker,QUESTIONABLE,"Generic symptom-based label; multiple pathogens cause twig cankers on blueberry, so the specific disease is ambiguous.",judged
Highbush Blueberry,VALID,fruit,Highbush Blueberry,YES,YES,YES,,Blueberry Leaf Rust,CORRECT,Leaf rust caused by Thekopsora minima (formerly Pucciniastrum vaccinii) is a known disease of highbush blueberry.,judged
Highbush Blueberry,VALID,fruit,Highbush Blueberry,YES,YES,YES,,Phomopsis Cankers And Twig Blights,CORRECT,Phomopsis canker and twig blight caused by Diaporthe vaccinii is a well-documented disease of highbush blueberry.,judged
Highbush Blueberry,VALID,fruit,Highbush Blueberry,YES,YES,YES,,Diaporthe Vaccinii Shear,QUESTIONABLE,"This names the pathogen (Diaporthe vaccinii Shear) rather than the disease itself, and duplicates the Phomopsis canker entry.",judged
Highbush Blueberry,VALID,fruit,Highbush Blueberry,YES,YES,YES,,Mummy Berry,CORRECT,Mummy berry caused by Monilinia vaccinii-corymbosi is a major and well-documented disease of highbush blueberry.,judged
Hollyhock,VALID,ornamental,Hollyhock,YES,YES,YES,,Hollyhock Rust,CORRECT,Hollyhock rust caused by Puccinia malvacearum is the most common and well-documented disease of hollyhock (Alcea rosea).,judged
Hops,VALID,other,Hops,YES,YES,YES,Humulus lupulus; cultivated primarily for brewing beer.,"Fusarium Wilts, Blights, Rots And Damping-Off",QUESTIONABLE,"Fusarium can cause canker/cone tip blight on hops, but this catch-all grouping is vague and not a specific hop disease name.",judged
Hops,VALID,other,Hops,YES,YES,YES,Humulus lupulus; cultivated primarily for brewing beer.,Carnation Latent Virus,INCORRECT,Carnation latent virus is a carnation-infecting carlavirus and is not a recognized pathogen of hops.,judged
Hops,VALID,other,Hops,YES,YES,YES,Humulus lupulus; cultivated primarily for brewing beer.,Apple Mosaic Virus,CORRECT,Apple mosaic virus (ApMV) is a well-documented ilarvirus of hops causing hop mosaic-like symptoms and yield/alpha-acid losses.,judged
Hops,VALID,other,Hops,YES,YES,YES,Humulus lupulus; cultivated primarily for brewing beer.,Powdery Mildew,CORRECT,"Hop powdery mildew caused by Podosphaera macularis is a major, well-documented disease of hops worldwide.",judged
Hops,VALID,other,Hops,YES,YES,YES,Humulus lupulus; cultivated primarily for brewing beer.,Cucurbit Downy Mildew,INCORRECT,"Cucurbit downy mildew (Pseudoperonospora cubensis) infects cucurbits; hops have their own downy mildew caused by P. humuli, so this label is the wrong host.",judged
Hosta,VALID,ornamental,Hosta,YES,YES,YES,,Southern Blight,CORRECT,"Sclerotium rolfsii (Athelia rolfsii) is a well-documented soilborne pathogen causing crown and petiole rot in hostas, especially in warm, humid conditions.",judged
Hosta,VALID,ornamental,Hosta,YES,YES,YES,,Hosta Virus X,CORRECT,"Hosta Virus X (HVX), a potexvirus, is the signature and most economically important viral disease of Hosta, causing mottling, ink-bleed patterns, and tissue collapse.",judged
Hosta,VALID,ornamental,Hosta,YES,YES,YES,,Tobacco Rattle Virus,CORRECT,"Tobacco rattle virus (TRV), vectored by Trichodorus/Paratrichodorus nematodes, is a documented infector of Hosta producing ringspots, line patterns, and chlorotic mottling.",judged
Hydrangea,VALID,ornamental,Hydrangea,YES,YES,YES,,Cercospora Fungi,QUESTIONABLE,"Cercospora leaf spot (Cercospora hydrangeae) is a real and common hydrangea disease, but the label names the pathogen genus rather than the disease itself.",judged
Hydrangea,VALID,ornamental,Hydrangea,YES,YES,YES,,Gray Molds,QUESTIONABLE,"Gray mold (Botrytis cinerea) does affect hydrangea blossoms and shoots, but the pluralized, informal phrasing is vague and non-standard.",judged
Iris,VALID,ornamental,Iris,YES,YES,YES,,Heterosporium Leaf Spot On Iris,CORRECT,"Heterosporium leaf spot (caused by Heterosporium iridis, now Mycosphaerella macrospora / Cladosporium iridis) is a well-documented foliar disease of Iris.",judged
Italian Cypress,VALID,ornamental,Italian Cypress,YES,YES,YES,,Phyllosticta Leaf Spots,QUESTIONABLE,"Phyllosticta species are typically associated with broadleaf hosts; on Italian Cypress (a conifer with scale-like leaves), needle/twig blights (e.g., Seiridium, Pestalotiopsis, Cercospora) are far more commonly reported than Phyllosticta leaf spots.",judged
Jack Pine,VALID,tree_crop,Jack Pine,YES,YES,YES,,Tar Spot Needlecast,CORRECT,"Tar spot needlecast, caused by Lophodermium species (notably L. pinastri), is a documented foliar disease of Jack Pine (Pinus banksiana) producing black ascocarps on needles and premature needle cast.",judged
Japanese Flowering Cherry,VALID,ornamental,Japanese Flowering Cherry,YES,YES,YES,,Hypocrea,QUESTIONABLE,"Hypocrea is a fungal genus (teleomorph of Trichoderma), not a specific disease name, and is generally not a primary pathogen of Japanese flowering cherry.",judged
Japanese Maple,VALID,ornamental,Japanese Maple,YES,YES,YES,,Anthracnose,CORRECT,"Anthracnose (caused by Discula, Colletotrichum, or Aureobasidium spp.) is a well-documented foliar disease of Acer palmatum causing leaf blotches and shoot dieback.",judged
Japanese Maple,VALID,ornamental,Japanese Maple,YES,YES,YES,,Phomopsis Cankers And Twig Blights,CORRECT,"Phomopsis spp. are recognized causal agents of cankers and twig blight on stressed Japanese maples, particularly following winter or drought injury.",judged
Japanese Maple,VALID,ornamental,Japanese Maple,YES,YES,YES,,Powdery Mildew,CORRECT,"Powdery mildew (commonly Sawadaea spp. and other Erysiphales) is a documented foliar disease of Japanese maple, producing the characteristic white surface mycelium on leaves.",judged
Jostaberry,VALID,fruit,Jostaberry,YES,YES,YES,,White Pine Blister Rust,CORRECT,"Cronartium ribicola requires a Ribes host (including Jostaberry, a Ribes hybrid) to complete its life cycle and causes leaf rust symptoms on it.",judged
Juniper,VALID,ornamental,Juniper,YES,YES,YES,,Diaporthe Juniperivora Sacc.,QUESTIONABLE,"Names a pathogen species (the teleomorph of Phomopsis juniperovora) rather than a disease, and duplicates the Phomopsis entry.",judged
Juniper,VALID,ornamental,Juniper,YES,YES,YES,,Kabatina Blight,CORRECT,Well-documented juniper twig blight caused by Kabatina juniperi affecting previous-year shoots.,judged
Juniper,VALID,ornamental,Juniper,YES,YES,YES,,Needle Cast,QUESTIONABLE,"Vague generic term; needle cast diseases are characteristic of true-needled conifers (pine, spruce, fir) rather than scale-leaved junipers.",judged
Juniper,VALID,ornamental,Juniper,YES,YES,YES,,Pestalotiopsis Leaf Spot,QUESTIONABLE,"Pestalotiopsis is typically a weak/opportunistic pathogen on juniper causing tip blight rather than a classical leaf spot, and the association is minor.",judged
Juniper,VALID,ornamental,Juniper,YES,YES,YES,,Phomopsis Cankers And Twig Blights,CORRECT,"Phomopsis juniperovora is the classic and economically important tip blight/canker disease of juniper, especially on young growth.",judged
Kale,VALID,vegetable,Kale,YES,YES,YES,,Leptosphaerulina Leaf Blights,QUESTIONABLE,"Leptosphaerulina leaf blight is well-documented on forage legumes (alfalfa, clover) and turfgrasses, but is not a commonly recognized or well-documented disease of kale (Brassica oleracea).",judged
Kentucky Bluegrass,VALID,forage,Kentucky Bluegrass,YES,YES,YES,Poa pratensis; widely cultivated as turfgrass and pasture forage.,Spring Dead Spot,QUESTIONABLE,"Spring Dead Spot is a well-documented disease of warm-season turfgrasses (especially bermudagrass), not a typical disease of cool-season Kentucky Bluegrass.",judged
Kentucky Bluegrass,VALID,forage,Kentucky Bluegrass,YES,YES,YES,Poa pratensis; widely cultivated as turfgrass and pasture forage.,Ascochyta Fungi,QUESTIONABLE,Names a pathogen genus rather than the disease; the proper disease name on Kentucky Bluegrass is Ascochyta leaf blight.,judged
Kentucky Bluegrass,VALID,forage,Kentucky Bluegrass,YES,YES,YES,Poa pratensis; widely cultivated as turfgrass and pasture forage.,Wheat Stem Rust,INCORRECT,"Wheat stem rust (Puccinia graminis f. sp. tritici) is a disease of wheat and related cereals, not Kentucky Bluegrass.",judged
Lawngrass,MISSPELLED_OR_UNSTANDARDISED,ornamental,Lawn grass,YES,YES,NO,Generic term for turfgrass species used in lawns; should be written as two words.,Rust,CORRECT,"Rust diseases caused by Puccinia spp. (e.g., P. graminis, P. coronata, P. striiformis) are well-documented fungal diseases affecting turfgrasses/lawn grasses.",judged
Lemon,VALID,fruit,Lemon,YES,YES,YES,,Green Mold,CORRECT,Green mold caused by Penicillium digitatum is a major postharvest disease of lemons and other citrus fruits.,judged
Lemon,VALID,fruit,Lemon,YES,YES,YES,,Whisker Mold,QUESTIONABLE,"Not a standard disease name in citrus pathology; likely a colloquial reference to the whisker-like sporulation of Penicillium spp. on lemons, overlapping with green/blue mold.",judged
Lentil,VALID,legume,Lentil,YES,YES,YES,,Ascochyta Blight,CORRECT,"Ascochyta blight, caused by Ascochyta lentis, is a well-documented and economically important foliar disease of lentil worldwide.",judged
Lettuce,VALID,vegetable,Lettuce,YES,YES,YES,,Downy Mildew,CORRECT,"Caused by Bremia lactucae, a major and well-documented foliar disease of lettuce worldwide.",judged
Lettuce,VALID,vegetable,Lettuce,YES,YES,YES,,Powdery Mildew,CORRECT,"Erysiphe cichoracearum causes powdery mildew on lettuce, particularly in greenhouse and field crops.",judged
Lettuce,VALID,vegetable,Lettuce,YES,YES,YES,,Sclerotinia Stem Rot,CORRECT,"Sclerotinia sclerotiorum causes lettuce drop / stem rot, a classic and economically important disease of lettuce.",judged
Lettuce,VALID,vegetable,Lettuce,YES,YES,YES,,Sclerotinia Timber Rot,QUESTIONABLE,"'Timber rot' is the common name for Sclerotinia on tomato; on lettuce the same pathogen is normally called 'lettuce drop,' so this name is unusual and overlaps with Sclerotinia Stem Rot.",judged
Lettuce,VALID,vegetable,Lettuce,YES,YES,YES,,Gray Mold,CORRECT,"Botrytis cinerea commonly infects lettuce, causing gray mold especially on senescing tissue and in cool, humid conditions.",judged
Lettuce,VALID,vegetable,Lettuce,YES,YES,YES,,Cercospora Leaf Spot,QUESTIONABLE,"Cercospora longissima can affect lettuce in warm, humid regions, but it is an uncommon and minor disease and the label names a pathogen genus rather than a specific disease.",judged
Lettuce,VALID,vegetable,Lettuce,YES,YES,YES,,Lettuce Chlorosis Virus,CORRECT,LCV (Crinivirus) is a recognized whitefly-transmitted virus of lettuce causing interveinal yellowing.,judged
Lettuce,VALID,vegetable,Lettuce,YES,YES,YES,,Mirafiori Lettuce Big-Vein Virus,CORRECT,"MiLBVV (Ophiovirus), vectored by Olpidium brassicae, is the causal agent of lettuce big-vein disease.",judged
Lettuce,VALID,vegetable,Lettuce,YES,YES,YES,,"Rhizoctonia Damping-Off, Blight And Rot",CORRECT,"Rhizoctonia solani causes damping-off, bottom rot, and web blight on lettuce, all well documented.",judged
Lettuce,VALID,vegetable,Lettuce,YES,YES,YES,,Tomato Spotted Wilt Virus,CORRECT,"TSWV (thrips-transmitted Tospovirus) has a broad host range including lettuce, causing necrotic spots and stunting.",judged
Lettuce,VALID,vegetable,Lettuce,YES,YES,YES,,Southern Blight,CORRECT,"Sclerotium rolfsii (Athelia rolfsii) causes southern blight on lettuce in warm regions, producing crown rot and white mycelial mats.",judged
Leyland Cypress,VALID,ornamental,Leyland Cypress,YES,YES,YES,,Seiridium Cankers,CORRECT,Seiridium canker (caused by Seiridium unicorne and related species) is the most well-documented and damaging canker disease of Leyland cypress.,judged
Lilac,VALID,ornamental,Lilac,YES,YES,YES,,Anthracnose,QUESTIONABLE,"Anthracnose is not a commonly documented disease of lilac (Syringa spp.); lilacs are far more typically affected by bacterial blight (Pseudomonas syringae) and powdery mildew, making this an unusual association.",judged
Limber Pine,NON_CROP,other,Limber Pine,YES,NO,N/A,"Pinus flexilis is a wild high-elevation conifer, not cultivated as an agricultural or horticultural crop.",,,,skipped: Crop verdict is NON_CROP
Live Oak,VALID,tree_crop,Live Oak,YES,YES,YES,Quercus virginiana; cultivated as an ornamental/landscape shade tree and also valued historically for timber.,Oak Wilt,CORRECT,"Oak wilt, caused by Bretziella fagacearum, is a well-documented and highly destructive vascular disease affecting live oaks, particularly in Texas.",judged
Loblolly Pine,VALID,tree_crop,Loblolly Pine,YES,YES,YES,,Leptographium Root Disease,CORRECT,"Leptographium spp. (e.g., L. terebrantis, L. procerum) are well-documented root-infecting fungi causing decline in loblolly pine, often associated with root-feeding bark beetles.",judged
Loblolly Pine,VALID,tree_crop,Loblolly Pine,YES,YES,YES,,Pine Needle Rusts,QUESTIONABLE,"Needle rusts (e.g., Coleosporium spp.) do occur on loblolly pine, but the label names a broad disease category rather than a specific disease and lumps multiple pathogens together.",judged
Loblolly Pine,VALID,tree_crop,Loblolly Pine,YES,YES,YES,,Wood Decay Fungi,QUESTIONABLE,"This labels a functional group of organisms (heart-rot/sap-rot basidiomycetes) rather than a specific disease, so it is too vague to serve as a disease class even though such fungi do colonize loblolly pine.",judged
Lowbush Blueberry,VALID,fruit,Lowbush Blueberry,YES,YES,YES,,Leaf And Flower Gall,CORRECT,Leaf and flower gall caused by Exobasidium vaccinii is a well-documented disease of lowbush blueberry.,judged
Mallow,VALID,herb_spice,Mallow,YES,YES,YES,,Hollyhock Rust,CORRECT,"Hollyhock rust is caused by Puccinia malvacearum, which infects multiple Malvaceae hosts including common mallow (Malva spp.).",judged
Maple,VALID,tree_crop,Maple,YES,YES,YES,Cultivated for syrup production and timber.,Anthracnose,CORRECT,"Anthracnose caused by fungi such as Discula, Kabatiella, and Aureobasidium is a well-documented foliar disease of maples.",judged
Maple,VALID,tree_crop,Maple,YES,YES,YES,Cultivated for syrup production and timber.,Tar Spot Of Maple,CORRECT,Tar spot caused by Rhytisma acerinum and related species is a classic and widely recognized disease of maple leaves.,judged
Maple,VALID,tree_crop,Maple,YES,YES,YES,Cultivated for syrup production and timber.,Maple Cankers,QUESTIONABLE,"Cankers of maple are real (e.g., Nectria, Eutypella, Steganosporium) but the label names a symptom/group rather than a specific disease.",judged
Melon,VALID,fruit,Melon,YES,YES,YES,,Bacterial Wilt,CORRECT,"Erwinia tracheiphila causes bacterial wilt in melon/cucurbits, vectored by cucumber beetles.",judged
Melon,VALID,fruit,Melon,YES,YES,YES,,"Fusarium Wilts, Blights, Rots And Damping-Off",QUESTIONABLE,Combines multiple distinct Fusarium-caused syndromes into one vague umbrella label rather than naming a specific disease.,judged
Melon,VALID,fruit,Melon,YES,YES,YES,,Monosporascus Root Rot,CORRECT,Monosporascus cannonballus causes a well-known root rot and vine decline of melon in hot climates.,judged
Melon,VALID,fruit,Melon,YES,YES,YES,,Powdery Mildew,CORRECT,Podosphaera xanthii and Golovinomyces cichoracearum are major foliar pathogens of melon.,judged
Melon,VALID,fruit,Melon,YES,YES,YES,,Cucurbit Downy Mildew,CORRECT,Pseudoperonospora cubensis is a destructive foliar oomycete pathogen of melon.,judged
Melon,VALID,fruit,Melon,YES,YES,YES,,Alternaria Leaf Blight,CORRECT,Alternaria cucumerina causes a documented leaf blight of melon and other cucurbits.,judged
Melon,VALID,fruit,Melon,YES,YES,YES,,Anthracnose,CORRECT,Colletotrichum orbiculare causes anthracnose lesions on melon foliage and fruit.,judged
Melon,VALID,fruit,Melon,YES,YES,YES,,Phytophthora Blight,CORRECT,"Phytophthora capsici causes crown, fruit and foliar blight in melon.",judged
Melon,VALID,fruit,Melon,YES,YES,YES,,Gummy Stem Blight,CORRECT,Stagonosporopsis cucurbitacearum (Didymella bryoniae) is a major stem and foliar pathogen of melon.,judged
Melon,VALID,fruit,Melon,YES,YES,YES,,Bacterial Fruit Blotch,CORRECT,"Acidovorax citrulli causes fruit blotch on melon and other cucurbits, seed-borne.",judged
Melon,VALID,fruit,Melon,YES,YES,YES,,Sour Rot,QUESTIONABLE,Sour rot (Geotrichum candidum) is more typically reported on tomato/citrus; postharvest melon association exists but is uncommon and the label is ambiguous.,judged
Melon,VALID,fruit,Melon,YES,YES,YES,,Charcoal Rot,CORRECT,Macrophomina phaseolina causes charcoal rot/crown rot in melon under heat and drought stress.,judged
Melon,VALID,fruit,Melon,YES,YES,YES,,Pythium Diseases,QUESTIONABLE,"Names a pathogen genus rather than a specific disease (damping-off, root rot, fruit rot) and overlaps with damping-off entry.",judged
Microbiota,VALID,ornamental,Microbiota,YES,YES,YES,Microbiota decussata is a coniferous evergreen shrub grown ornamentally as a ground cover.,Phomopsis Cankers And Twig Blights,QUESTIONABLE,"Phomopsis canker/twig blight is well-documented on many conifers (e.g., Juniperus), but specific verified reports on Microbiota decussata are sparse and the association is typically inferred from related Cupressaceae hosts.",judged
Mimosa,VALID,ornamental,Mimosa,YES,YES,YES,,Mimosa Wilt,CORRECT,Mimosa wilt is a well-documented vascular disease of Albizia julibrissin caused by the soilborne fungus Fusarium oxysporum f. sp. perniciosum.,judged
Mugo Pine,VALID,ornamental,Mugo Pine,YES,YES,YES,,Diplodia Sapinea De Not.,QUESTIONABLE,"Names the pathogen (Diplodia sapinea, syn. Sphaeropsis sapinea) rather than the disease it causes (Diplodia tip blight / Sphaeropsis shoot blight), though it is a well-documented pathogen of Mugo pine.",judged
Multiflora Rose,NON_CROP,other,Multiflora Rose,YES,NO,N/A,"Rosa multiflora is an invasive wild shrub, not cultivated as an agricultural or horticultural crop.",,,,skipped: Crop verdict is NON_CROP
Northern Red Oak,VALID,tree_crop,Northern Red Oak,YES,YES,YES,,Drippy Blight,CORRECT,"Drippy blight is a documented bacterial disease (Lonsdalea quercina) affecting red oaks, especially Northern Red Oak, causing oozing cankers and dieback.",judged
Northern Red Oak,VALID,tree_crop,Northern Red Oak,YES,YES,YES,,Cryptocline Fungus,QUESTIONABLE,"Names a fungal genus (Cryptocline, e.g., C. cinerescens causing leaf spot/anthracnose on oaks) rather than a specific disease, and the spelling/usage is informal.",judged
Northern White Cedar,VALID,tree_crop,Northern White Cedar,YES,YES,YES,,Needle Blight Of Cedar,CORRECT,"Needle blight (caused by fungi such as Pestalotiopsis funerea, Phyllosticta thujae, and Kabatina thujae) is a well-documented foliar disease of Northern White Cedar (Thuja occidentalis).",judged
Northern White Cedar,VALID,tree_crop,Northern White Cedar,YES,YES,YES,,Arborvitae Needle Blight,CORRECT,"Arborvitae is the common name for Thuja occidentalis (Northern White Cedar), so arborvitae needle blight directly refers to the same well-documented disease on this host.",judged
Norway Maple,VALID,ornamental,Norway Maple,YES,YES,YES,,Anthracnose,CORRECT,Anthracnose caused by fungi such as Discula and Kabatiella is a well-documented foliar disease of Norway maple (Acer platanoides).,judged
Norway Maple,VALID,ornamental,Norway Maple,YES,YES,YES,,Cristulariella Leaf Spot,CORRECT,Cristulariella depraedans (zonate leaf spot) is a known foliar pathogen of Norway maple and other Acer species.,judged
Norway Spruce,VALID,tree_crop,Norway Spruce,YES,YES,YES,,Rhizosphaera Needle Cast,CORRECT,"Rhizosphaera needle cast, caused by Rhizosphaera kalkhoffii, is a well-documented foliar disease of Norway spruce (Picea abies) and other spruces.",judged
Oak,VALID,tree_crop,Oak,YES,YES,YES,,Ganoderma Root And Butt Rot,CORRECT,"Ganoderma species (e.g., G. applanatum, G. lucidum) are well-documented causes of root and butt rot in oaks.",judged
Oak,VALID,tree_crop,Oak,YES,YES,YES,,Polypore Fungus,QUESTIONABLE,Names a broad fungal group rather than a specific disease; many polypores cause oak wood decay but the label is too vague.,judged
Oak,VALID,tree_crop,Oak,YES,YES,YES,,Oak Wilt,CORRECT,"Oak wilt, caused by Bretziella fagacearum, is a major vascular disease of oaks.",judged
Oak,VALID,tree_crop,Oak,YES,YES,YES,,Bacterial Leaf Scorch,CORRECT,Bacterial leaf scorch caused by Xylella fastidiosa is a well-documented chronic disease of oaks.,judged
Oak,VALID,tree_crop,Oak,YES,YES,YES,,Oak Leaf Blister,CORRECT,Oak leaf blister caused by Taphrina caerulescens is a well-documented foliar disease of oaks.,judged
Oak,VALID,tree_crop,Oak,YES,YES,YES,,Leaf Spot,QUESTIONABLE,Generic symptom-based label that does not specify pathogen; multiple fungi cause leaf spots on oak.,judged
Oak,VALID,tree_crop,Oak,YES,YES,YES,,Botryosphaeria Rots And Cankers,CORRECT,"Botryosphaeria species cause documented cankers and dieback on oaks, especially stressed trees.",judged
Oak,VALID,tree_crop,Oak,YES,YES,YES,,Coryneum Twig Blight,QUESTIONABLE,Coryneum twig blight is more commonly associated with stone fruits; its association with oak is unusual and poorly documented.,judged
Oak,VALID,tree_crop,Oak,YES,YES,YES,,Cytospora Cankers,QUESTIONABLE,Cytospora cankers primarily affect conifers and hardwoods like poplar/willow; oak is an uncommon and weakly documented host.,judged
Oak,VALID,tree_crop,Oak,YES,YES,YES,,Anthracnose,CORRECT,Oak anthracnose caused by Apiognomonia (Discula) quercina is a well-documented foliar/twig disease.,judged
Oak,VALID,tree_crop,Oak,YES,YES,YES,,Monochaetia Fungi,QUESTIONABLE,Names a fungal genus rather than a disease; Monochaetia spp. are minor leaf-spot pathogens occasionally reported on oak.,judged
Oak,VALID,tree_crop,Oak,YES,YES,YES,,Nectria Canker,CORRECT,Nectria canker (Neonectria spp.) is a documented canker disease of oaks and other hardwoods.,judged
Oak Lecanium,INVALID,other,Oak Lecanium,NO,N/A,N/A,"Oak lecanium (Parthenolecanium quercifex) is a scale insect pest of oak trees, not a plant or crop.",,,,skipped: Crop verdict is INVALID
Oat,VALID,cereal,Oat,YES,YES,YES,,Crown Rust,CORRECT,"Crown rust, caused by Puccinia coronata f. sp. avenae, is the most economically important and well-documented foliar disease of oat worldwide.",judged
Ohio Buckeye,VALID,ornamental,Ohio Buckeye,YES,YES,YES,"Aesculus glabra, grown primarily as an ornamental/shade tree; nuts are toxic and not cultivated for food.",Rust,QUESTIONABLE,"Rust is not a commonly documented disease of Ohio Buckeye (Aesculus glabra), which is far more typically affected by leaf blotch (Guignardia aesculi) and powdery mildew; the label is also vague without specifying a causal genus.",judged
Okra,VALID,vegetable,Okra,YES,YES,YES,,Choanephora Fruit Rot,CORRECT,"Choanephora cucurbitarum is a well-documented fungal pathogen causing wet rot of okra flowers and fruits, especially in warm humid conditions.",judged
Onions,VALID,vegetable,Onion,YES,YES,YES,,Downy Mildew,CORRECT,Downy mildew caused by Peronospora destructor is a well-documented and economically important foliar disease of onions.,judged
Orange,VALID,fruit,Orange,YES,YES,YES,,Whisker Mold,QUESTIONABLE,Not a standard citrus disease name; likely a colloquial reference to whisker-like fungal growth (possibly Penicillium or Aspergillus post-harvest molds) rather than an established disease designation.,judged
Orange Coneflower,VALID,ornamental,Orange Coneflower,YES,YES,YES,,Downy Mildew,CORRECT,Downy mildew (caused by Plasmopara halstedii and related oomycetes) is a documented foliar disease of Rudbeckia fulgida (orange coneflower) and other Asteraceae.,judged
Oriental Poppy,VALID,ornamental,Oriental Poppy,YES,YES,YES,,Anthracnose,CORRECT,"Anthracnose caused by Colletotrichum species is a documented foliar and stem disease of Papaver orientale, producing characteristic sunken lesions.",judged
Parsley,VALID,herb_spice,Parsley,YES,YES,YES,,Septoria Leaf Spot,CORRECT,"Septoria petroselini causes a well-documented leaf spot disease on parsley, producing tan lesions with dark borders and pycnidia.",judged
Peach,VALID,fruit,Peach,YES,YES,YES,,Brown Rot,CORRECT,Brown rot caused by Monilinia fructicola/laxa is the most economically important fungal disease of peach worldwide.,judged
Peach,VALID,fruit,Peach,YES,YES,YES,,Peach Leaf Curl,CORRECT,"Classic peach disease caused by Taphrina deformans, producing distorted reddened leaves.",judged
Peach,VALID,fruit,Peach,YES,YES,YES,,Stigmina Fungus,QUESTIONABLE,"Names a pathogen genus (Stigmina carpophila, cause of shot hole/Coryneum blight) rather than the disease itself.",judged
Peach,VALID,fruit,Peach,YES,YES,YES,,"Botryosphaeria Canker, White Rot",QUESTIONABLE,"Botryosphaeria canker does affect peach (gummosis/canker), but 'white rot' is typically an apple disease, making this combined label confusing for peach.",judged
Peach,VALID,fruit,Peach,YES,YES,YES,,Peach Mosaic Virus,CORRECT,"Peach mosaic virus (PcMV), transmitted by the peach bud mite, is a recognized viral disease of peach.",judged
Peach,VALID,fruit,Peach,YES,YES,YES,,Cladosporium Fungi,QUESTIONABLE,"Names a fungal genus rather than a specific disease; Cladosporium carpophilum causes peach scab, but the label is too vague.",judged
Peanut,VALID,legume,Peanut,YES,YES,YES,,Southern Blight,CORRECT,Well-documented soilborne disease of peanut caused by Sclerotium rolfsii (Athelia rolfsii).,judged
Peanut,VALID,legume,Peanut,YES,YES,YES,,Nothopassalora Personata,QUESTIONABLE,"This is the pathogen name (causal agent of late leaf spot of peanut), not a disease name — the disease should be labeled 'Late Leaf Spot'.",judged
Peanut,VALID,legume,Peanut,YES,YES,YES,,Passalora Fungus,QUESTIONABLE,Refers to a fungal genus (former classification of the late leaf spot pathogen) rather than a specific peanut disease.,judged
Pecan,VALID,nut_crop,Pecan,YES,YES,YES,,Pecan Scab,CORRECT,"Pecan scab, caused by Venturia effusa (formerly Fusicladium effusum), is the most economically important disease of pecan.",judged
Pecan,VALID,nut_crop,Pecan,YES,YES,YES,,Diplodia Fungus,QUESTIONABLE,"Names a pathogen genus rather than a specific disease; Diplodia (e.g., Botryosphaeria/Diplodia spp.) can cause shuck dieback or twig dieback in pecan, but the label is vague.",judged
Peony,VALID,ornamental,Peony,YES,YES,YES,,Anthracnose,CORRECT,Anthracnose caused by Colletotrichum spp. is a documented foliar and stem disease of peony.,judged
Peony,VALID,ornamental,Peony,YES,YES,YES,,Phytophthora Crown Rot,CORRECT,"Phytophthora cactorum is a well-known cause of crown and stem rot in peony, especially in poorly drained soils.",judged
Peony,VALID,ornamental,Peony,YES,YES,YES,,Botrytis Blight,CORRECT,"Botrytis paeoniae and B. cinerea cause the classic 'peony blight' affecting buds, stems, and leaves and are among the most common peony diseases.",judged
Pepper,VALID,vegetable,Pepper,YES,YES,YES,,Southern Blight,CORRECT,Sclerotium rolfsii is a well-documented soilborne disease causing crown/stem rot on pepper.,judged
Pepper,VALID,vegetable,Pepper,YES,YES,YES,,Phytophthora Blight,CORRECT,Phytophthora capsici is one of the most economically important diseases of pepper worldwide.,judged
Pepper,VALID,vegetable,Pepper,YES,YES,YES,,Tomato Spotted Wilt Virus,CORRECT,TSWV (Orthotospovirus) is a major thrips-vectored virus of pepper causing ringspots and necrosis.,judged
Pepper,VALID,vegetable,Pepper,YES,YES,YES,,Blossom End Rot,CORRECT,"Well-known calcium-related physiological disorder affecting pepper fruit, analogous to tomato.",judged
Pepper,VALID,vegetable,Pepper,YES,YES,YES,,Bacterial Spot,CORRECT,Xanthomonas euvesicatoria/spp. cause the major foliar/fruit bacterial disease of pepper.,judged
Pepper,VALID,vegetable,Pepper,YES,YES,YES,,Alternaria Black Molds / Stem Cankers,QUESTIONABLE,"Alternaria occurs on pepper as fruit rot and leaf spot, but 'Black Molds / Stem Cankers' is a vague compound label not standard for pepper.",judged
Pepper,VALID,vegetable,Pepper,YES,YES,YES,,Bitter Rot And Anthracnose,QUESTIONABLE,"Anthracnose (Colletotrichum spp.) is a major pepper fruit disease, but 'Bitter Rot' is the apple/grape name for Colletotrichum and combining them as one label is non-standard for pepper.",judged
Phlox,VALID,ornamental,Phlox,YES,YES,YES,,Powdery Mildew,CORRECT,Powdery mildew (Erysiphe cichoracearum/Golovinomyces magnicellulatus) is the most common and well-documented disease of garden phlox.,judged
Phlox,VALID,ornamental,Phlox,YES,YES,YES,,Downy Mildew,CORRECT,Downy mildew caused by Peronospora phlogina is a documented foliar disease of Phlox species.,judged
Phlox,VALID,ornamental,Phlox,YES,YES,YES,,"Root, Stem, And Crown Rots",QUESTIONABLE,"Real disease complex affecting phlox (caused by Rhizoctonia, Pythium, Phytophthora, Sclerotinia), but the label lumps multiple distinct diseases into one vague category.",judged
Piedmont Azalea,VALID,ornamental,Piedmont Azalea,YES,YES,YES,,Leaf And Flower Gall,CORRECT,Leaf and flower gall caused by Exobasidium vaccinii is a well-documented disease of azaleas including Piedmont azalea (Rhododendron canescens).,judged
Pin Oak,VALID,ornamental,Pin Oak,YES,YES,YES,"Quercus palustris; primarily grown as a landscape/shade ornamental tree, with minor timber use.",Drippy Blight,CORRECT,"Drippy blight, caused by the bacterium Lonsdalea quercina in association with the kermes scale insect, is a well-documented disease specifically affecting pin oak (Quercus palustris).",judged
Pine,VALID,tree_crop,Pine,YES,YES,YES,,Pine Needle Rusts,CORRECT,Pine needle rusts caused by Coleosporium and related rust fungi are well-documented foliar diseases of pines.,judged
Pine,VALID,tree_crop,Pine,YES,YES,YES,,Diplodia Sapinea De Not.,QUESTIONABLE,"This names the pathogen (Diplodia sapinea, syn. Sphaeropsis sapinea) with taxonomic authority rather than the disease name Diplodia tip blight or Sphaeropsis blight.",judged
Pine,VALID,tree_crop,Pine,YES,YES,YES,,Ploioderma Needle Cast Of Pine,CORRECT,"Ploioderma needle cast (Ploioderma lethale and related species) is a well-documented needle cast disease of pines, especially hard pines.",judged
Plum/Cherry,MISSPELLED_OR_UNSTANDARDISED,fruit,Plum and Cherry,YES,YES,NO,Combined entry for two distinct stone fruit crops (Prunus domestica and Prunus avium/cerasus); should be split into separate records.,Phloeosporella Fungus,QUESTIONABLE,"Names a pathogen genus (Phloeosporella padi, the anamorph of Blumeriella jaapii) rather than a disease; corresponds to cherry leaf spot.",judged
Plum/Cherry,MISSPELLED_OR_UNSTANDARDISED,fruit,Plum and Cherry,YES,YES,NO,Combined entry for two distinct stone fruit crops (Prunus domestica and Prunus avium/cerasus); should be split into separate records.,Rust,CORRECT,Plum/cherry rust caused by Tranzschelia discolor is a well-documented disease of Prunus species.,judged
Plum/Cherry,MISSPELLED_OR_UNSTANDARDISED,fruit,Plum and Cherry,YES,YES,NO,Combined entry for two distinct stone fruit crops (Prunus domestica and Prunus avium/cerasus); should be split into separate records.,Black Knot,CORRECT,"Black knot, caused by Apiosporina morbosa, is a major and well-known disease of plum and cherry.",judged
Plum/Cherry,MISSPELLED_OR_UNSTANDARDISED,fruit,Plum and Cherry,YES,YES,NO,Combined entry for two distinct stone fruit crops (Prunus domestica and Prunus avium/cerasus); should be split into separate records.,Blumeriella Leaf Spot Of Cherry And Plum,CORRECT,Cherry leaf spot caused by Blumeriella jaapii is a well-established disease of cherry and plum.,judged
Plum/Cherry,MISSPELLED_OR_UNSTANDARDISED,fruit,Plum and Cherry,YES,YES,NO,Combined entry for two distinct stone fruit crops (Prunus domestica and Prunus avium/cerasus); should be split into separate records.,Brown Rots,CORRECT,"Brown rot, caused by Monilinia spp., is a major fruit and blossom disease of stone fruits including plum and cherry.",judged
Plum/Cherry,MISSPELLED_OR_UNSTANDARDISED,fruit,Plum and Cherry,YES,YES,NO,Combined entry for two distinct stone fruit crops (Prunus domestica and Prunus avium/cerasus); should be split into separate records.,Powdery Mildew,CORRECT,Powdery mildew (Podosphaera spp.) is a documented foliar disease of cherry and plum.,judged
Ponderosa Pine,VALID,tree_crop,Ponderosa Pine,YES,YES,YES,,Pine Needlecast,CORRECT,"Needlecast diseases (e.g., Elytroderma, Lophodermium, Lophodermella spp.) are well-documented foliar fungal diseases of Ponderosa pine causing needle discoloration and shedding.",judged
Potato,VALID,root_tuber,Potato,YES,YES,YES,,Bacterial Soft Rot,CORRECT,"Caused by Pectobacterium/Dickeya spp., a well-documented postharvest and field rot of potato tubers.",judged
Potato,VALID,root_tuber,Potato,YES,YES,YES,,Late Blight,CORRECT,Phytophthora infestans late blight is the historically most devastating disease of potato.,judged
Potato,VALID,root_tuber,Potato,YES,YES,YES,,"Rhizoctonia Damping-Off, Blight And Rot",CORRECT,"Rhizoctonia solani causes black scurf, stem canker, and damping-off on potato.",judged
Potato,VALID,root_tuber,Potato,YES,YES,YES,,Early Blight,CORRECT,Alternaria solani early blight is a common foliar disease of potato worldwide.,judged
Potato,VALID,root_tuber,Potato,YES,YES,YES,,"Fusarium Wilts, Blights, Rots And Damping-Off",QUESTIONABLE,"Fusarium dry rot and wilt do affect potato, but the label lumps multiple Fusarium syndromes into one vague genus-level entry rather than a specific disease.",judged
Potato,VALID,root_tuber,Potato,YES,YES,YES,,Phytophthora Root And Stem Rot,QUESTIONABLE,"Phytophthora erythroseptica (pink rot) affects potato, but 'root and stem rot' is the standard soybean-style label and is not the typical name used for potato Phytophthora disease.",judged
Potato,VALID,root_tuber,Potato,YES,YES,YES,,Tomato Spotted Wilt Virus,CORRECT,TSWV is a documented thrips-transmitted virus of potato causing tuber necrosis and foliar symptoms.,judged
Potato Dextrose Agar (Pda),INVALID,other,Potato Dextrose Agar (Pda),NO,N/A,N/A,"Potato Dextrose Agar is a microbiological growth medium, not a plant or crop.",,,,skipped: Crop verdict is INVALID
Privet,VALID,ornamental,Privet,YES,YES,YES,,Thedgonia Ligustrina,QUESTIONABLE,"Names the pathogen (Thedgonia ligustrina, cause of privet leaf blotch/anthracnose-like spot) rather than the disease itself.",judged
Ramp,VALID,vegetable,Ramp,YES,YES,YES,Ramp (Allium tricoccum) is a wild-harvested and increasingly cultivated North American leek used as a culinary vegetable.,Septoria Leaf Spot And Cankers,QUESTIONABLE,"Septoria species can cause leaf spots on various Allium and wild plants, but 'Septoria Leaf Spot And Cankers' on ramp (Allium tricoccum) is not a well-documented disease, and Septoria typically causes leaf spots rather than cankers.",judged
Red Pine,VALID,tree_crop,Red Pine,YES,YES,YES,"Pinus resinosa, cultivated as a timber and ornamental conifer.",Diplodia Sapinea De Not.,QUESTIONABLE,"This names the pathogen (Diplodia sapinea, with taxonomic authority) rather than the disease, which is properly called Diplodia tip blight (or Sphaeropsis tip blight) of pines.",judged
Red Pine,VALID,tree_crop,Red Pine,YES,YES,YES,"Pinus resinosa, cultivated as a timber and ornamental conifer.",Annosum Root Disease,CORRECT,"Annosum root disease (Heterobasidion irregulare/annosum) is a well-documented and economically important root and butt rot of red pine, especially in thinned plantations.",judged
Red Pine,VALID,tree_crop,Red Pine,YES,YES,YES,"Pinus resinosa, cultivated as a timber and ornamental conifer.",Sirococcus Blight Of Conifers,CORRECT,"Sirococcus shoot blight (Sirococcus conigenus/tsugae) is a documented shoot blight affecting red pine and other conifers, particularly seedlings and saplings.",judged
Redbay,NON_CROP,other,Redbay (Persea borbonia),YES,NO,N/A,Redbay is a wild native tree of the southeastern US; not cultivated as an agricultural or horticultural crop.,,,,skipped: Crop verdict is NON_CROP
Redvein Enkianthus,VALID,ornamental,Redvein Enkianthus,YES,YES,YES,,Phyllosticta Leaf Spots,CORRECT,Phyllosticta leaf spot is a documented fungal foliar disease affecting Enkianthus and related Ericaceae ornamentals.,judged
Reed Canarygrass,VALID,forage,Reed Canarygrass,YES,YES,YES,,Leaf Blight,CORRECT,Leaf blight (caused by fungi such as Drechslera/Helminthosporium and Pyrenophora spp.) is a well-documented foliar disease of reed canarygrass (Phalaris arundinacea).,judged
Rhododendrons And Azaleas,VALID,ornamental,Rhododendrons and Azaleas,YES,YES,YES,,Bitter Rot And Anthracnose,INCORRECT,"Bitter rot (Colletotrichum spp.) is a disease of apples and other fruit crops, not a recognized disease of rhododendrons or azaleas.",judged
Rhododendrons And Azaleas,VALID,ornamental,Rhododendrons and Azaleas,YES,YES,YES,,Leaf And Flower Gall,CORRECT,Leaf and flower gall caused by Exobasidium vaccinii is a well-documented disease of azaleas and rhododendrons.,judged
Rhododendrons And Azaleas,VALID,ornamental,Rhododendrons and Azaleas,YES,YES,YES,,Guignardia Blotch,QUESTIONABLE,Guignardia leaf blotch is primarily associated with horse chestnut and other hosts; its association with rhododendrons/azaleas is unusual and the label names a pathogen genus rather than a standard disease name for this crop.,judged
Rhododendrons And Azaleas,VALID,ornamental,Rhododendrons and Azaleas,YES,YES,YES,,Pestalotiopsis Leaf Spot,QUESTIONABLE,"Pestalotiopsis can cause leaf spot/tip blight on rhododendrons, but the label names a pathogen genus rather than a standardized disease name and is often considered a secondary/opportunistic pathogen.",judged
Rice,VALID,cereal,Rice,YES,YES,YES,,Bacterial Panicle Blight,CORRECT,Well-documented disease of rice caused by Burkholderia glumae affecting panicles and grain fill.,judged
Rice,VALID,cereal,Rice,YES,YES,YES,,Narrow Brown Leaf Spot,CORRECT,Established rice disease caused by Cercospora janseana producing narrow brown lesions on leaves.,judged
Rice,VALID,cereal,Rice,YES,YES,YES,,Rice Blast Disease,CORRECT,"Major rice disease caused by Magnaporthe oryzae, one of the most economically damaging pathogens of rice worldwide.",judged
Rice,VALID,cereal,Rice,YES,YES,YES,,"Rhizoctonia Damping-Off, Blight And Rot",QUESTIONABLE,Label conflates multiple distinct Rhizoctonia syndromes; sheath blight (R. solani) is the standard rice disease name rather than this generic grouping.,judged
Rose,VALID,ornamental,Rose,YES,YES,YES,,Powdery Mildew,CORRECT,Powdery mildew caused by Podosphaera pannosa is a well-documented and common fungal disease of roses.,judged
Rose,VALID,ornamental,Rose,YES,YES,YES,,Black Spot,CORRECT,Black spot caused by Diplocarpon rosae is one of the most prevalent and damaging foliar diseases of roses worldwide.,judged
Rose,VALID,ornamental,Rose,YES,YES,YES,,Rose Rosette Virus,CORRECT,"Rose rosette disease, caused by Rose rosette emaravirus and vectored by an eriophyid mite, is a well-documented destructive viral disease of roses.",judged
Saguaro,NON_CROP,other,Saguaro (Carnegiea gigantea),YES,NO,N/A,"Saguaro is a wild desert cactus native to the Sonoran Desert, not cultivated as an agricultural or horticultural crop.",,,,skipped: Crop verdict is NON_CROP
Scarlet Oak,VALID,tree_crop,Scarlet Oak,YES,YES,YES,,Oak Leaf Blister,CORRECT,"Oak leaf blister, caused by Taphrina caerulescens, is a well-documented foliar disease affecting Scarlet Oak (Quercus coccinea) and other red oak group species.",judged
Scots Pine,VALID,tree_crop,Scots Pine,YES,YES,YES,,Diplodia Sapinea De Not.,QUESTIONABLE,This names the pathogen (Diplodia sapinea) with its taxonomic authority rather than the disease it causes (Diplodia tip blight/Sphaeropsis blight).,judged
Scots Pine,VALID,tree_crop,Scots Pine,YES,YES,YES,,Brown Spot Needle Blight,CORRECT,"Brown spot needle blight, caused by Lecanosticta acicola, is a well-documented foliar disease of Scots pine.",judged
Scots Pine,VALID,tree_crop,Scots Pine,YES,YES,YES,,Sphaeropsis Tip Blights And Cankers,CORRECT,"Sphaeropsis (Diplodia) tip blight and canker, caused by Sphaeropsis sapinea/Diplodia sapinea, is a major disease of Scots pine.",judged
Serviceberry,VALID,fruit,Serviceberry,YES,YES,YES,,Anthracnose,CORRECT,Anthracnose caused by Colletotrichum and related fungi is a well-documented foliar and fruit disease of Amelanchier (serviceberry).,judged
Serviceberry,VALID,fruit,Serviceberry,YES,YES,YES,,Powdery Mildew,CORRECT,Powdery mildew (notably Podosphaera species) is a common and well-documented foliar disease of serviceberry.,judged
Shepherd'S-Purse,NON_CROP,other,Shepherd's-purse (Capsella bursa-pastoris),YES,NO,N/A,Common wild weed of the Brassicaceae family; occasionally foraged or used medicinally but not grown as an agricultural or horticultural crop.,,,,skipped: Crop verdict is NON_CROP
Shortleaf Pine,VALID,tree_crop,Shortleaf Pine,YES,YES,YES,,Phytophthora Root Rot,CORRECT,"Phytophthora species (notably P. cinnamomi) cause root rot in Shortleaf Pine and are implicated in littleleaf disease, the most damaging disease of this species.",judged
Singleleaf Pinyon,VALID,nut_crop,Singleleaf Pinyon,YES,YES,YES,"Pinus monophylla, harvested for edible pine nuts.",Pinyon Blister Rust,CORRECT,"Pinyon blister rust, caused by Cronartium occidentale, is a documented stem rust disease affecting singleleaf pinyon (Pinus monophylla) and other pinyon pines in the western US.",judged
Soft Scales,INVALID,other,Soft Scales,NO,N/A,N/A,"Soft scales are sap-sucking insect pests (Coccidae), not a plant or crop.",,,,skipped: Crop verdict is INVALID
Solenostemon,MISSPELLED_OR_UNSTANDARDISED,ornamental,Coleus (Plectranthus scutellarioides),YES,YES,NO,"Solenostemon is an outdated genus name; the plant is now classified as Plectranthus scutellarioides, commonly known as coleus.",Coleus Downy Mildew,CORRECT,"Downy mildew caused by Peronospora belbahrii (and related Peronospora spp.) is a well-documented disease of Solenostemon scutellarioides (coleus), causing leaf chlorosis, distortion, and defoliation.",judged
Soybean,VALID,legume,Soybean,YES,YES,YES,,Southern Blight,CORRECT,"Sclerotium rolfsii causes southern blight on soybean, especially in warm southern production regions.",judged
Soybean,VALID,legume,Soybean,YES,YES,YES,,Cercospora Blight,CORRECT,"Cercospora kikuchii causes Cercospora leaf blight and purple seed stain, a well-documented soybean disease.",judged
Soybean,VALID,legume,Soybean,YES,YES,YES,,Frogeye Leaf Spot,CORRECT,"Caused by Cercospora sojina, this is a major foliar disease of soybean worldwide.",judged
Soybean,VALID,legume,Soybean,YES,YES,YES,,Bean Pod Mottle Virus,CORRECT,BPMV is a Comovirus that infects soybean and is vectored primarily by bean leaf beetles.,judged
Soybean,VALID,legume,Soybean,YES,YES,YES,,Charcoal Rot,CORRECT,"Macrophomina phaseolina causes charcoal rot, a serious drought-associated soybean disease.",judged
Soybean,VALID,legume,Soybean,YES,YES,YES,,Soybean Rust,CORRECT,"Phakopsora pachyrhizi causes Asian soybean rust, one of the most economically important soybean diseases.",judged
Soybean,VALID,legume,Soybean,YES,YES,YES,,Taproot Decline On Soybean,CORRECT,"Xylaria necrophora causes taproot decline, an emerging disease documented in the southern U.S. soybean belt.",judged
Soybean,VALID,legume,Soybean,YES,YES,YES,,Brown Stem Rot,CORRECT,"Cadophora gregata (Phialophora gregata) causes brown stem rot, a well-known soybean disease.",judged
Soybean,VALID,legume,Soybean,YES,YES,YES,,Soybean Vein Necrosis Virus,CORRECT,"SVNV is a Tospovirus widespread in U.S. soybean, transmitted by thrips.",judged
Soybean,VALID,legume,Soybean,YES,YES,YES,,Root And Stem Rot,QUESTIONABLE,"Generic symptom-based label that could refer to Phytophthora, Pythium, Fusarium, or Rhizoctonia rather than one defined disease.",judged
Soybean,VALID,legume,Soybean,YES,YES,YES,,Bacterial Blight,CORRECT,"Pseudomonas savastanoi pv. glycinea causes bacterial blight, a common foliar disease of soybean.",judged
Soybean,VALID,legume,Soybean,YES,YES,YES,,Sclerotinia Timber Rot,QUESTIONABLE,Unusual name for soybean; Sclerotinia sclerotiorum on soybean is typically called Sclerotinia stem rot or white mold.,judged
Soybean,VALID,legume,Soybean,YES,YES,YES,,Septoria Leaf Spot,CORRECT,"Septoria glycines causes brown spot (Septoria leaf spot), the most common foliar disease of soybean.",judged
Soybean,VALID,legume,Soybean,YES,YES,YES,,Genus Diaporthe,QUESTIONABLE,"Names a pathogen genus rather than a disease; Diaporthe spp. cause pod and stem blight, stem canker, and Phomopsis seed decay on soybean.",judged
Soybean,VALID,legume,Soybean,YES,YES,YES,,Downy Mildew,CORRECT,"Peronospora manshurica causes soybean downy mildew, a globally distributed foliar disease.",judged
Soybean,VALID,legume,Soybean,YES,YES,YES,,"Rhizoctonia Damping-Off, Blight And Rot",CORRECT,"Rhizoctonia solani causes seedling damping-off, aerial blight, and root rot in soybean.",judged
Soybean,VALID,legume,Soybean,YES,YES,YES,,Bacterial Pustule Of Soybean Disease,CORRECT,"Xanthomonas axonopodis pv. glycines causes bacterial pustule, a recognized foliar disease of soybean.",judged
Spinach,VALID,vegetable,Spinach,YES,YES,YES,,Downy Mildew,CORRECT,Downy mildew caused by Peronospora effusa (P. farinosa f. sp. spinaciae) is the most economically important disease of spinach worldwide.,judged
Spinach,VALID,vegetable,Spinach,YES,YES,YES,,White Rust,CORRECT,"White rust of spinach caused by Albugo occidentalis is a well-documented oomycete disease, particularly significant in Texas and southern U.S. production.",judged
Spinach,VALID,vegetable,Spinach,YES,YES,YES,,Cladosporium Leaf Spot,CORRECT,"Cladosporium leaf spot (Cladosporium variabile), also known as Cladosporium leaf spot or Heterosporium leaf spot, is a recognized fungal disease of spinach.",judged
Spindletree,VALID,ornamental,Spindle tree,YES,YES,YES,"Euonymus europaeus, grown as an ornamental shrub/small tree; sometimes written as two words.",Powdery Mildew,CORRECT,Powdery mildew (caused by Erysiphe euonymi-japonici and related Oidium species) is a well-documented and common foliar disease of Euonymus (spindletree) species.,judged
Spongy Moth (Formerly Gypsy Moth),INVALID,other,Spongy Moth (Formerly Gypsy Moth),NO,N/A,N/A,"This is an insect pest (Lymantria dispar), not a plant or crop.",,,,skipped: Crop verdict is INVALID
Spruce,VALID,tree_crop,Spruce,YES,YES,YES,Grown commercially as timber and as ornamental/Christmas trees.,Sirococcus Blight,CORRECT,Sirococcus shoot blight (Sirococcus conigenus/tsugae) is a well-documented shoot and tip blight affecting spruce species.,judged
Squash,VALID,vegetable,Squash,YES,YES,YES,,Plectosphaerella Fungus,QUESTIONABLE,Names a pathogen genus rather than a specific disease; Plectosphaerella can cause collar/root rot but the label is vague.,judged
Squash,VALID,vegetable,Squash,YES,YES,YES,,"Fusarium Wilts, Blights, Rots And Damping-Off",CORRECT,"Fusarium spp. cause well-documented wilts, crown/fruit rots, and damping-off in squash.",judged
Squash,VALID,vegetable,Squash,YES,YES,YES,,Powdery Mildew,CORRECT,"Powdery mildew (Podosphaera xanthii, Erysiphe cichoracearum) is one of the most common foliar diseases of squash.",judged
Squash,VALID,vegetable,Squash,YES,YES,YES,,Phytophthora Blight,CORRECT,"Phytophthora capsici causes serious crown, fruit, and foliar blight on squash.",judged
Squash,VALID,vegetable,Squash,YES,YES,YES,,Choanephora Fruit Rot,CORRECT,Choanephora cucurbitarum is a well-known cause of blossom-end and fruit rot in squash.,judged
Squash,VALID,vegetable,Squash,YES,YES,YES,,Gummy Stem Blight,CORRECT,Caused by Stagonosporopsis cucurbitacearum (Didymella bryoniae); a documented cucurbit disease affecting squash.,judged
Squash,VALID,vegetable,Squash,YES,YES,YES,,Cucurbit Downy Mildew,CORRECT,Pseudoperonospora cubensis is a major downy mildew pathogen of cucurbits including squash.,judged
Squash,VALID,vegetable,Squash,YES,YES,YES,,Anthracnose,CORRECT,Colletotrichum orbiculare causes anthracnose on cucurbits including squash.,judged
Squash,VALID,vegetable,Squash,YES,YES,YES,,Southern Blight,CORRECT,"Sclerotium rolfsii (Athelia rolfsii) causes southern blight on squash, especially in warm climates.",judged
Squash,VALID,vegetable,Squash,YES,YES,YES,,Pythium Diseases,CORRECT,Pythium spp. cause damping-off and root rot in squash seedlings and mature plants.,judged
St. Augustinegrass,VALID,forage,St. Augustinegrass,YES,YES,YES,"Stenotaphrum secundatum; primarily cultivated as a warm-season turfgrass for lawns, also used as pasture forage.","Rhizoctonia Damping-Off, Blight And Rot",CORRECT,"Rhizoctonia solani causes large patch/brown patch and seedling damping-off in St. Augustinegrass, a well-documented turfgrass disease.",judged
St. Augustinegrass,VALID,forage,St. Augustinegrass,YES,YES,YES,"Stenotaphrum secundatum; primarily cultivated as a warm-season turfgrass for lawns, also used as pasture forage.",Sugarcane Mosaic Virus,QUESTIONABLE,"SCMV is primarily a pathogen of sugarcane, maize, and sorghum; St. Augustine Decline is caused by Panicum mosaic virus, not SCMV, so this association with St. Augustinegrass is unverified.",judged
Strawberry,VALID,fruit,Strawberry,YES,YES,YES,,Gray Mold,CORRECT,Botrytis cinerea is a major and well-documented disease of strawberry causing fruit and flower rot.,judged
Strawberry,VALID,fruit,Strawberry,YES,YES,YES,,Phomopsis Leaf Blight And Fruit Rot,CORRECT,"Caused by Phomopsis obscurans, this is a recognized disease of strawberry affecting leaves and fruit.",judged
Strawberry,VALID,fruit,Strawberry,YES,YES,YES,,Angular Leaf Spot Of Strawberry,CORRECT,"Caused by Xanthomonas fragariae, this is a well-documented bacterial disease of strawberry.",judged
Strawberry,VALID,fruit,Strawberry,YES,YES,YES,,Anthracnose,CORRECT,"Colletotrichum spp. cause anthracnose crown rot, fruit rot, and leaf spots in strawberry.",judged
Strawberry,VALID,fruit,Strawberry,YES,YES,YES,,Leaf Spot,QUESTIONABLE,"The label is vague — strawberry has multiple distinct leaf spot diseases (Mycosphaerella, Ramularia, Phomopsis, etc.) and the specific pathogen is unspecified.",judged
Strawberry,VALID,fruit,Strawberry,YES,YES,YES,,Ramularia Grevilleana Verkley & U. Braun,QUESTIONABLE,Names the pathogen (with taxonomic authority) rather than the disease; the corresponding disease is common leaf spot of strawberry (Mycosphaerella fragariae / Ramularia tulasnei).,judged
Sudangrass,VALID,forage,Sudangrass,YES,YES,YES,,Pantoea Rot And Blight,QUESTIONABLE,"Pantoea species (e.g., P. ananatis) can cause leaf blight on sorghum and related grasses, but a distinct 'Pantoea rot and blight' is not a well-established named disease on Sudangrass and references the pathogen genus rather than a standardized disease name.",judged
Sugar Beet,VALID,root_tuber,Sugar Beet,YES,YES,YES,,Powdery Mildew,CORRECT,"Erysiphe betae causes powdery mildew, a well-documented foliar disease of sugar beet worldwide.",judged
Sugar Beet,VALID,root_tuber,Sugar Beet,YES,YES,YES,,Beet Necrotic Yellow Vein Virus,CORRECT,"BNYVV is the causal agent of rhizomania, a major economically important soilborne viral disease of sugar beet vectored by Polymyxa betae.",judged
Sugar Beet,VALID,root_tuber,Sugar Beet,YES,YES,YES,,Cercospora Leaf Spot,CORRECT,"Caused by Cercospora beticola, this is the most damaging foliar disease of sugar beet globally.",judged
Sweet Cherry,VALID,fruit,Sweet Cherry,YES,YES,YES,,Brown Rot,CORRECT,Brown rot caused by Monilinia spp. is a major and well-documented disease of sweet cherry affecting blossoms and fruit.,judged
Sweet Cherry,VALID,fruit,Sweet Cherry,YES,YES,YES,,Powdery Mildew,CORRECT,Powdery mildew caused by Podosphaera clandestina is a well-known foliar and fruit disease of sweet cherry.,judged
Sweet Potato,VALID,root_tuber,Sweet Potato,YES,YES,YES,,Scurf,CORRECT,Scurf caused by Monilochaetes infuscans is a well-known sweet potato storage root disease.,judged
Sweet Potato,VALID,root_tuber,Sweet Potato,YES,YES,YES,,Rhizopus Soft Rots,CORRECT,Rhizopus stolonifer causes a classic soft rot of sweet potato storage roots.,judged
Sweet Potato,VALID,root_tuber,Sweet Potato,YES,YES,YES,,Bread Mold,QUESTIONABLE,'Bread mold' is a colloquial name (usually Rhizopus) and likely duplicates Rhizopus soft rot rather than a distinct disease.,judged
Sweet Potato,VALID,root_tuber,Sweet Potato,YES,YES,YES,,Southern Blight,CORRECT,Sclerotium rolfsii (southern blight) is documented on sweet potato.,judged
Sweet Potato,VALID,root_tuber,Sweet Potato,YES,YES,YES,,Java Black Rot,CORRECT,Java black rot caused by Lasiodiplodia theobromae is a recognized postharvest disease of sweet potato.,judged
Sweet Potato,VALID,root_tuber,Sweet Potato,YES,YES,YES,,Sweet Potato Feathery Mottle Virus,CORRECT,"SPFMV is a major, well-documented virus of sweet potato.",judged
Sweet Potato,VALID,root_tuber,Sweet Potato,YES,YES,YES,,Sour Rot,QUESTIONABLE,Sour rot (Geotrichum) is occasionally reported on sweet potato but is more commonly associated with other crops; association is uncommon.,judged
Sweet Potato,VALID,root_tuber,Sweet Potato,YES,YES,YES,,Charcoal Rot,CORRECT,Macrophomina phaseolina causes charcoal rot of sweet potato storage roots.,judged
Sweet Potato,VALID,root_tuber,Sweet Potato,YES,YES,YES,,White Rust,INCORRECT,"White rust (Albugo) affects crucifers, spinach, and ornamentals, not sweet potato.",judged
Sweet Potato,VALID,root_tuber,Sweet Potato,YES,YES,YES,,Black Rot,CORRECT,Ceratocystis fimbriata black rot is a classic and historically important disease of sweet potato.,judged
Sweet Potato,VALID,root_tuber,Sweet Potato,YES,YES,YES,,Bacteria Wilt And Soft Rot,CORRECT,"Bacterial wilt and soft rot (e.g., Ralstonia/Dickeya/Erwinia) are documented on sweet potato, though the label is broad.",judged
Sweet Potato,VALID,root_tuber,Sweet Potato,YES,YES,YES,,Fusarium Lateritium Nees,QUESTIONABLE,This names a fungal species (with author citation) rather than a disease; Fusarium lateritium is only a minor/occasional pathogen of sweet potato.,judged
Sweet Potato,VALID,root_tuber,Sweet Potato,YES,YES,YES,,Fusarium Root Rot And Wilt,CORRECT,Fusarium spp. cause root rot and wilt complexes in sweet potato.,judged
Sweet Potato,VALID,root_tuber,Sweet Potato,YES,YES,YES,,Fusarium Wilt,CORRECT,Fusarium oxysporum f. sp. batatas causes Fusarium wilt (stem rot) of sweet potato.,judged
Sweet Potato,VALID,root_tuber,Sweet Potato,YES,YES,YES,,Fusarium Damping-Off,QUESTIONABLE,"Damping-off is more typical of seedling crops; sweet potato is propagated from slips, so this association is unusual and likely overlaps with Fusarium wilt/root rot.",judged
Sweet Potato,VALID,root_tuber,Sweet Potato,YES,YES,YES,,Penicillium Fungi,QUESTIONABLE,Names a fungal genus rather than a disease; Penicillium causes only minor blue mold storage rot on sweet potato.,judged
Sweet Potato,VALID,root_tuber,Sweet Potato,YES,YES,YES,,Pythium Root And Stem Rot,CORRECT,Pythium spp. cause root and stem rot (mottle necrosis) on sweet potato.,judged
Sweet Potato,VALID,root_tuber,Sweet Potato,YES,YES,YES,,Streptomyces Soil Rot,CORRECT,"Streptomyces ipomoeae causes soil rot (pox), an important sweet potato disease.",judged
Switchgrass,VALID,forage,Switchgrass,YES,YES,YES,,Switchgrass Rust,CORRECT,"Switchgrass rust, caused primarily by Puccinia emaculata, is a well-documented foliar disease of Panicum virgatum.",judged
Tall Fescue,VALID,forage,Tall Fescue,YES,YES,YES,,"Rhizoctonia Damping-Off, Blight And Rot",CORRECT,"Rhizoctonia solani is a well-documented pathogen of tall fescue, causing brown patch (foliar blight), damping-off of seedlings, and root/crown rot.",judged
Tanoak,NON_CROP,other,Tanoak,YES,NO,N/A,"Tanoak (Notholithocarpus densiflorus) is a wild forest tree, not cultivated as an agricultural or horticultural crop.",,,,skipped: Crop verdict is NON_CROP
Tomato,VALID,vegetable,Tomato,YES,YES,YES,,Early Blight,CORRECT,Alternaria solani is a classic and well-documented foliar/fruit disease of tomato.,judged
Tomato,VALID,vegetable,Tomato,YES,YES,YES,,Southern Blight,CORRECT,Sclerotium rolfsii causes stem rot at the soil line on tomato in warm regions.,judged
Tomato,VALID,vegetable,Tomato,YES,YES,YES,,Bacterial Canker And Wilt Of Tomato,CORRECT,Clavibacter michiganensis subsp. michiganensis causes the named bacterial canker and wilt of tomato.,judged
Tomato,VALID,vegetable,Tomato,YES,YES,YES,,Cucumber Mosaic Virus,CORRECT,CMV has a broad host range and regularly causes mosaic and shoestring symptoms on tomato.,judged
Tomato,VALID,vegetable,Tomato,YES,YES,YES,,Tomato Leaf Mould,CORRECT,Passalora fulva (Cladosporium fulvum) leaf mould is a major disease of greenhouse tomato.,judged
Tomato,VALID,vegetable,Tomato,YES,YES,YES,,Late Blight,CORRECT,Phytophthora infestans is the historically important late blight pathogen of tomato and potato.,judged
Tomato,VALID,vegetable,Tomato,YES,YES,YES,,Phytophthora Blight,QUESTIONABLE,"Usually denotes Phytophthora capsici, which can infect tomato fruit/crown but the label overlaps in usage with Late Blight.",judged
Tomato,VALID,vegetable,Tomato,YES,YES,YES,,Bacterial Speck Of Tomato,CORRECT,"Pseudomonas syringae pv. tomato causes bacterial speck, a well-characterised tomato disease.",judged
Tomato,VALID,vegetable,Tomato,YES,YES,YES,,Southern Bacterial Wilt,CORRECT,Ralstonia solanacearum (southern bacterial wilt) is a destructive vascular wilt of tomato.,judged
Tomato,VALID,vegetable,Tomato,YES,YES,YES,,Tomato Spotted Wilt Virus,CORRECT,TSWV is a thrips-transmitted tospovirus and a major virus disease of tomato.,judged
Tomato,VALID,vegetable,Tomato,YES,YES,YES,,Anthracnose,CORRECT,Colletotrichum coccodes and related species cause anthracnose fruit rot on ripe tomato.,judged
Tomato,VALID,vegetable,Tomato,YES,YES,YES,,Septoria Leaf Spot,CORRECT,Septoria lycopersici is a classic foliar leaf spot of tomato.,judged
Tomato,VALID,vegetable,Tomato,YES,YES,YES,,Gray Mold,CORRECT,Botrytis cinerea gray mold is a common disease of greenhouse and field tomato.,judged
Tomato,VALID,vegetable,Tomato,YES,YES,YES,,Rhizopus Soft Rots,CORRECT,Rhizopus spp. cause post-harvest soft rot of tomato fruit.,judged
Tomato,VALID,vegetable,Tomato,YES,YES,YES,,Sclerotinia Timber Rot,CORRECT,Sclerotinia sclerotiorum 'timber rot' (white mold) is a recognised stem disease of tomato.,judged
Tomato,VALID,vegetable,Tomato,YES,YES,YES,,Gray Molds,QUESTIONABLE,Duplicates 'Gray Mold' (Botrytis cinerea); pluralised label appears to be a near-identical entry.,judged
Tomato,VALID,vegetable,Tomato,YES,YES,YES,,Bacterial Wilt,QUESTIONABLE,Real disease (Ralstonia solanacearum) but duplicates 'Southern Bacterial Wilt' on tomato.,judged
Tomato,VALID,vegetable,Tomato,YES,YES,YES,,Verticillium Wilts,CORRECT,Verticillium dahliae/albo-atrum cause vascular wilt of tomato; pluralised label is acceptable since multiple species are involved.,judged
Tongavine,NON_CROP,ornamental,Tongavine (Epipremnum pinnatum),YES,NO,N/A,"Tongavine refers to Epipremnum pinnatum, a wild climbing vine; while related cultivars are grown as ornamentals, the name 'Tongavine' typically denotes the wild/naturalised plant, not a cultivated crop.",,,,skipped: Crop verdict is NON_CROP
Touch-Me-Not,VALID,ornamental,Touch-Me-Not (Impatiens balsamina),YES,YES,YES,"Common name for Impatiens balsamina, grown as a garden ornamental; also applied to Mimosa pudica.",Downy Mildew,CORRECT,Downy mildew caused by Plasmopara obducens is a well-documented and devastating disease of Impatiens (Touch-Me-Not).,judged
Tree-Of-Heaven,NON_CROP,other,Tree-of-Heaven (Ailanthus altissima),YES,NO,N/A,"Ailanthus altissima is an invasive ornamental/wild tree, not cultivated as an agricultural or horticultural crop.",,,,skipped: Crop verdict is NON_CROP
Trumpet Honeysuckle,VALID,ornamental,Trumpet Honeysuckle,YES,YES,YES,,Powdery Mildew,CORRECT,Powdery mildew (caused by Erysiphe spp./Microsphaera spp.) is a well-documented foliar disease of Lonicera sempervirens (trumpet honeysuckle).,judged
Tulip,VALID,ornamental,Tulip,YES,YES,YES,,Mycelial Neck Rot,QUESTIONABLE,Not a standard tulip disease name; likely refers to Botrytis-related neck/bulb rot but the term is ambiguous and not a recognized formal disease designation for tulips.,judged
Turf (General),VALID,ornamental,Turfgrass,YES,YES,YES,Generic turfgrass category covering cultivated lawn/sports grasses.,Puccinia Rusts,QUESTIONABLE,"Puccinia is a pathogen genus rather than a specific disease, though Puccinia spp. do cause well-known rust diseases on many turfgrasses.",judged
Turnip,VALID,root_tuber,Turnip,YES,YES,YES,,Club Root Of Crucifers,CORRECT,"Clubroot, caused by Plasmodiophora brassicae, is a well-documented and economically important disease affecting turnip and other Brassicaceae (crucifer) crops.",judged
V8 Agar,INVALID,other,V8 Agar,NO,N/A,N/A,"V8 Agar is a microbiological growth medium (made with V8 vegetable juice) used in plant pathology labs, not a crop.",,,,skipped: Crop verdict is INVALID
Violet,VALID,ornamental,Violet,YES,YES,YES,,Rust,CORRECT,Violet rust caused by Puccinia violae is a well-documented fungal disease affecting Viola species.,judged
Virginia Pine,VALID,tree_crop,Virginia Pine,YES,YES,YES,,Leptographium Root Disease,CORRECT,"Leptographium spp. (e.g., L. procerum, L. terebrantis) are well-documented root-infecting fungi of Virginia pine and other hard pines, causing procerum root disease and contributing to pine decline.",judged
Watermelon,VALID,fruit,Watermelon,YES,YES,YES,,Cucurbit Yellow Vine Decline,CORRECT,Bacterial disease caused by Serratia marcescens affecting watermelon and other cucurbits.,judged
Watermelon,VALID,fruit,Watermelon,YES,YES,YES,,Unknown Virus,QUESTIONABLE,Vague placeholder label rather than a specific identified disease.,judged
Watermelon,VALID,fruit,Watermelon,YES,YES,YES,,Powdery Mildew,CORRECT,Common foliar disease of watermelon caused by Podosphaera xanthii.,judged
Watermelon,VALID,fruit,Watermelon,YES,YES,YES,,Pythium Diseases,QUESTIONABLE,Names a pathogen genus group rather than a specific disease; Pythium does cause damping-off and root rot in watermelon.,judged
Watermelon,VALID,fruit,Watermelon,YES,YES,YES,,Bacterial Fruit Blotch,CORRECT,Major watermelon disease caused by Acidovorax citrulli.,judged
Watermelon,VALID,fruit,Watermelon,YES,YES,YES,,Phytophthora Blight,CORRECT,Well-documented watermelon disease caused by Phytophthora capsici.,judged
Watermelon,VALID,fruit,Watermelon,YES,YES,YES,,Gummy Stem Blight,CORRECT,Important watermelon disease caused by Stagonosporopsis cucurbitacearum.,judged
Watermelon,VALID,fruit,Watermelon,YES,YES,YES,,Anthracnose,CORRECT,Classic watermelon disease caused by Colletotrichum orbiculare.,judged
Watermelon,VALID,fruit,Watermelon,YES,YES,YES,,Cucurbit Downy Mildew,CORRECT,Foliar disease of watermelon caused by Pseudoperonospora cubensis.,judged
Watermelon,VALID,fruit,Watermelon,YES,YES,YES,,Blossom End Rot,CORRECT,"Physiological disorder linked to calcium deficiency and water stress, commonly affecting watermelon fruit.",judged
Watermelon,VALID,fruit,Watermelon,YES,YES,YES,,Southern Blight,CORRECT,Soilborne disease caused by Sclerotium rolfsii (Athelia rolfsii) that affects watermelon.,judged
Watermelon,VALID,fruit,Watermelon,YES,YES,YES,,Watermelon Mosaic Virus,CORRECT,Aphid-transmitted potyvirus that infects watermelon and other cucurbits.,judged
Wheat,VALID,cereal,Wheat,YES,YES,YES,,Karnal Bunt,CORRECT,Tilletia indica smut disease of wheat causing partial kernel infection.,judged
Wheat,VALID,cereal,Wheat,YES,YES,YES,,Wheat Leaf Rust,CORRECT,Major wheat disease caused by Puccinia triticina.,judged
Wheat,VALID,cereal,Wheat,YES,YES,YES,,"Dwarf Bunt, Dwarf Smut",CORRECT,Tilletia controversa disease of winter wheat stunting plants and replacing kernels with bunt balls.,judged
Wheat,VALID,cereal,Wheat,YES,YES,YES,,Powdery Mildew,CORRECT,Blumeria graminis f. sp. tritici is a well-known foliar disease of wheat.,judged
Wheat,VALID,cereal,Wheat,YES,YES,YES,,Barley Yellow Dwarf Virus,CORRECT,Aphid-transmitted luteovirus that commonly infects wheat as well as barley and oats.,judged
Wheat,VALID,cereal,Wheat,YES,YES,YES,,Stripe Rust,CORRECT,"Puccinia striiformis f. sp. tritici causes yellow rust, a major wheat disease worldwide.",judged
Wheat,VALID,cereal,Wheat,YES,YES,YES,,Tan Spot,CORRECT,Pyrenophora tritici-repentis is a widespread foliar disease of wheat.,judged
Wheat,VALID,cereal,Wheat,YES,YES,YES,,Wheat Streak Mosaic Virus,CORRECT,Mite-transmitted virus causing a significant wheat disease in many growing regions.,judged
Wheat,VALID,cereal,Wheat,YES,YES,YES,,Loose Smut Of Wheat Or Barley,CORRECT,Ustilago tritici is a seed-borne smut of wheat (and U. nuda of barley).,judged
Wheat,VALID,cereal,Wheat,YES,YES,YES,,Parastagonospora Nodorum,QUESTIONABLE,Names the pathogen genus/species rather than the disease (Septoria nodorum blotch / Stagonospora glume blotch).,judged
Wheat,VALID,cereal,Wheat,YES,YES,YES,,Zymoseptoria Tritici,QUESTIONABLE,Names the pathogen rather than the disease (Septoria tritici blotch).,judged
Wheat,VALID,cereal,Wheat,YES,YES,YES,,"Fusarium Wilts, Blights, Rots And Damping-Off",QUESTIONABLE,"Vague umbrella category lumping multiple Fusarium syndromes; on wheat the relevant diseases are Fusarium head blight, crown rot, and seedling blight.",judged
Wheat,VALID,cereal,Wheat,YES,YES,YES,,Fusarium Graminearum Schwabe,QUESTIONABLE,Names the pathogen species (with author citation) rather than the disease Fusarium head blight / scab.,judged
Wheat,VALID,cereal,Wheat,YES,YES,YES,,Wheat Stem Rust,CORRECT,"Puccinia graminis f. sp. tritici causes black stem rust, a historically devastating wheat disease.",judged
White Fir,VALID,tree_crop,White Fir,YES,YES,YES,"Abies concolor, grown as a timber and Christmas tree species.",Phyllosticta Leaf Spots,QUESTIONABLE,"Phyllosticta species are typically associated with broadleaf hosts causing leaf spots; on White Fir (Abies concolor), needle diseases are more commonly attributed to Lirula, Rhizosphaera, or Lophodermium, making this an unusual association.",judged
Willow,VALID,tree_crop,Willow,YES,YES,YES,,Marssonina Leaf Spots,CORRECT,"Marssonina leaf spot (caused by Marssonina spp., notably M. salicicola) is a well-documented foliar disease of willow (Salix spp.).",judged
Winter Squashes,VALID,vegetable,Winter Squash,YES,YES,YES,Plural form normalized to singular 'Winter Squash'; refers to Cucurbita spp. harvested at maturity.,Cucurbit Downy Mildew,CORRECT,"Cucurbit downy mildew, caused by Pseudoperonospora cubensis, is a well-documented foliar disease affecting winter squashes and other cucurbits.",judged
Witch-Hazel,VALID,ornamental,Witch-hazel,YES,YES,YES,Hamamelis spp.; cultivated as an ornamental shrub and also grown commercially for medicinal/cosmetic extracts.,Phyllosticta Leaf Spots,CORRECT,Phyllosticta hamamelidis is a well-documented leaf spot pathogen of witch-hazel (Hamamelis spp.).,judged
Witch-Hazel,VALID,ornamental,Witch-hazel,YES,YES,YES,Hamamelis spp.; cultivated as an ornamental shrub and also grown commercially for medicinal/cosmetic extracts.,Gonatobotryum Fungus,QUESTIONABLE,"Gonatobotryum apiculatum is reported on witch-hazel, but the label names a fungal genus generically rather than a specific disease.",judged
Yew,VALID,ornamental,Yew,YES,YES,YES,Yew (Taxus spp.) is cultivated as an ornamental/hedging plant and is also a source of the chemotherapy compound paclitaxel.,Cryptocline Needle Blight,CORRECT,Cryptocline taxicola is a well-documented fungal pathogen causing needle blight on Taxus (yew) species.,judged
